# Blender 4.0.2
# www.blender.org
o handle
v -0.051128 -0.000697 -0.408778
v -0.049823 0.002671 -0.408778
v -0.048356 0.003779 -0.408778
v -0.044759 0.004112 -0.408778
v -0.043114 0.003293 -0.408778
v -0.041213 0.000221 -0.408778
v -0.041213 -0.001616 -0.408778
v -0.043114 -0.004687 -0.408778
v -0.046589 -0.005676 -0.408778
v -0.048356 -0.005173 -0.408778
v -0.049823 -0.004066 -0.408778
v -0.041201 0.001216 -0.514046
v -0.040823 -0.000697 -0.514002
v -0.041201 -0.002611 -0.514046
v -0.040285 0.001216 -0.519243
v -0.028097 0.002838 -0.551720
v -0.023628 -0.000697 -0.556409
v 0.000854 -0.005317 -0.560604
v 0.012223 -0.005317 -0.556134
v 0.016888 -0.002611 -0.552252
v 0.055198 0.001216 -0.527459
v 0.057019 0.001216 -0.521374
v -0.027128 0.003922 -0.550419
v -0.022895 0.002838 -0.555141
v 0.044048 0.003922 -0.535202
v -0.040285 -0.002611 -0.519243
v -0.027270 -0.002611 -0.541787
v -0.023227 -0.002611 -0.545179
v -0.018818 -0.002611 -0.548079
v -0.014102 -0.002611 -0.550447
v -0.009143 -0.002611 -0.552252
v 0.006511 -0.002611 -0.554082
v -0.029127 0.003922 -0.543755
v 0.000697 -0.002611 -0.563305
v 0.042693 0.002838 -0.534311
v 0.054386 0.003922 -0.520750
v -0.028013 0.002838 -0.542575
v 0.000674 -0.000697 -0.563685
v 0.007048 -0.002611 -0.563305
v 0.045395 0.002838 -0.529631
v 0.049059 0.003922 -0.525225
v -0.027270 0.001216 -0.541787
v 0.000697 0.001216 -0.563305
v 0.044426 0.001216 -0.529145
v -0.023227 0.001216 -0.545179
v -0.019360 0.002838 -0.549017
v -0.015174 0.003922 -0.552932
v 0.044086 -0.000697 -0.528974
v -0.018818 0.001216 -0.548079
v 0.000854 0.003922 -0.560604
v 0.030640 -0.004233 -0.555141
v 0.034873 -0.005317 -0.550419
v 0.042693 -0.004233 -0.534311
v 0.044426 -0.002611 -0.529145
v -0.014102 0.001216 -0.550447
v 0.031182 -0.002611 -0.556080
v 0.035842 -0.004233 -0.551720
v 0.044048 -0.005317 -0.535202
v 0.045395 -0.004233 -0.529631
v -0.009143 0.001216 -0.552252
v 0.001171 0.002838 -0.555164
v 0.031182 0.001216 -0.556080
v 0.041354 -0.002611 -0.548507
v 0.049059 -0.005317 -0.525225
v 0.001234 0.001216 -0.554082
v 0.012223 0.003922 -0.556134
v 0.030640 0.002838 -0.555141
v 0.011941 0.002838 -0.554537
v 0.035842 0.002838 -0.551720
v 0.041354 0.001216 -0.548507
v 0.034873 0.003922 -0.550419
v 0.054386 -0.005317 -0.520750
v 0.016888 0.001216 -0.552252
v 0.055198 -0.002611 -0.527459
v 0.057019 -0.002611 -0.521374
v -0.041340 0.002838 -0.519493
v -0.046642 0.003922 -0.520750
v -0.046435 0.002838 -0.527088
v -0.047811 -0.000697 -0.527589
v -0.046435 -0.004233 -0.527088
v -0.028097 -0.004233 -0.551720
v -0.022895 -0.004233 -0.555141
v -0.046642 -0.005317 -0.520750
v -0.027128 -0.005317 -0.550419
v -0.004478 -0.005317 -0.556134
v -0.041340 -0.004233 -0.519493
v -0.019360 -0.004233 -0.549017
v -0.004196 -0.004233 -0.554537
v 0.006574 -0.004233 -0.555164
v 0.058535 0.001109 -0.408778
v 0.058535 -0.002504 -0.408778
v 0.056101 0.003779 -0.408778
v 0.052504 0.004112 -0.408778
v 0.049621 0.001935 -0.408778
v 0.048957 -0.001616 -0.408778
v 0.049621 -0.003329 -0.408778
v 0.052504 -0.005506 -0.408778
v 0.056101 -0.005173 -0.408778
vn 0.1122 0.9203 0.3748
vn 0.1122 0.9202 0.3751
vn 0.3293 -0.2702 0.9047
vn 0.5375 0.2075 -0.8173
vn 0.9999 0.0003 -0.0135
vn 0.9999 -0.0004 -0.0132
vn 0.9999 0.0003 -0.0134
vn -0.9321 0.3612 -0.0258
vn -0.9321 0.3612 -0.0262
vn 0.6871 0.5688 0.4519
vn 0.6872 0.5690 0.4516
vn 0.6869 0.5692 0.4519
vn 0.9961 0.0883 0.0007
vn 0.9961 0.0882 0.0010
vn 0.9961 0.0885 0.0010
vn 1.0000 -0.0000 0.0037
vn -0.2915 0.9565 0.0071
vn -0.2915 0.9565 0.0075
vn -0.9322 -0.3611 -0.0262
vn -0.9948 -0.1002 -0.0154
vn 0.1147 0.1581 0.9807
vn 0.2616 0.7508 -0.6065
vn 0.5465 -0.4031 -0.7341
vn 0.6129 -0.6866 -0.3910
vn -0.0474 -0.7918 0.6089
vn -0.2925 -0.2513 -0.9226
vn 0.5011 -0.7808 0.3731
vn 0.9961 -0.0885 0.0010
vn -0.9993 0.0233 -0.0287
vn -0.4917 -0.4465 0.7476
vn -0.1950 0.9350 -0.2963
vn -0.1947 0.9351 -0.2961
vn -0.1952 0.9350 -0.2962
vn -0.9821 0.1836 0.0412
vn -0.1948 -0.9352 -0.2957
vn -0.1947 -0.9351 -0.2960
vn -0.1905 0.6990 -0.6893
vn 0.4402 0.8499 -0.2895
vn 0.4398 0.8502 -0.2895
vn -0.0000 -1.0000 -0.0000
vn -0.2800 0.3751 -0.8837
vn 0.7126 -0.6323 0.3041
vn -0.0000 1.0000 -0.0000
vn -0.0000 1.0000 -0.0003
vn -0.6468 -0.1811 0.7408
vn 0.5495 -0.0000 0.8355
vn -0.5731 -0.7672 0.2879
vn -0.9831 -0.1783 0.0410
vn -0.9831 -0.1783 0.0414
vn 0.8355 -0.0000 -0.5495
vn 0.8354 0.0005 -0.5497
vn -0.3095 -0.1887 -0.9320
vn -0.0000 -0.0000 1.0000
vn 0.3333 0.8298 0.4476
vn 0.3734 0.5547 0.7435
vn 0.1447 0.5530 0.8205
vn 0.1450 0.5528 0.8206
vn 0.3293 0.2699 0.9048
vn 0.4094 0.6671 0.6224
vn -0.0324 0.8298 0.5571
vn -0.0324 0.8296 0.5574
vn 0.2853 -0.1034 0.9529
vn 0.2852 -0.1037 0.9528
vn 0.1111 -0.2829 0.9527
vn 0.1113 -0.2827 0.9527
vn 0.2858 -0.5495 0.7851
vn 0.0484 -0.5530 0.8318
vn 0.0803 -0.7225 0.6867
vn 0.4034 0.4379 0.8035
vn 0.4144 0.8683 -0.2726
vn 0.4975 0.5531 -0.6682
vn 0.9999 0.0003 -0.0136
vn 0.9999 -0.0000 -0.0135
vn 0.9999 -0.0005 -0.0135
vn -0.9304 0.3655 -0.0259
vn -0.9303 0.3658 -0.0260
vn 0.6839 -0.5227 0.5090
vn 0.6836 -0.5231 0.5089
vn 0.4572 -0.5548 0.6951
vn 0.4573 -0.5545 0.6953
vn 0.0003 1.0000 0.0002
vn -0.0005 1.0000 -0.0002
vn 0.8193 0.5548 0.1445
vn 0.8193 0.5549 0.1442
vn 0.8504 0.5259 0.0116
vn 0.8503 0.5262 0.0115
vn 0.9810 0.1939 0.0019
vn 0.9810 0.1942 0.0019
vn -0.6027 0.7977 0.0213
vn -0.6025 0.7979 0.0212
vn -0.4989 0.8296 0.2506
vn -0.8519 0.5218 0.0446
vn -0.8518 0.5219 0.0448
vn -0.8517 0.5222 0.0446
vn -0.6453 0.6669 0.3726
vn -0.6451 0.6669 0.3730
vn -0.9304 -0.3657 -0.0260
vn -0.4842 0.8150 -0.3184
vn -0.6026 0.7979 -0.0161
vn -0.2302 0.9579 -0.1714
vn -0.1737 -0.0000 0.9848
vn -0.1739 0.0004 0.9848
vn 0.1737 -0.0000 0.9848
vn -0.1147 -0.1581 0.9807
vn 0.2265 0.1871 -0.9559
vn 0.2268 0.1875 -0.9557
vn 0.2265 0.1876 -0.9558
vn 0.5971 -0.0005 -0.8022
vn 0.5972 -0.0000 -0.8021
vn -0.0000 -0.1947 -0.9809
vn 0.2076 -0.7320 -0.6488
vn 0.2074 -0.7318 -0.6492
vn 0.4144 -0.8683 -0.2726
vn 0.4570 -0.5551 -0.6950
vn 0.1328 -0.9903 -0.0397
vn 0.7389 -0.6738 -0.0093
vn 0.4842 -0.8150 -0.3184
vn 0.7155 -0.6985 -0.0101
vn -0.0000 -0.8274 0.5616
vn -0.3234 -0.8085 0.4917
vn -0.7204 -0.5550 0.4159
vn -0.1447 -0.5530 0.8205
vn -0.3185 -0.8686 0.3796
vn 0.0500 -0.5084 0.8596
vn -0.5696 -0.1712 0.8039
vn 0.2404 -0.5452 -0.8031
vn 0.3056 -0.8310 -0.4648
vn -0.1957 -0.8202 -0.5376
vn 0.0893 -0.9503 -0.2982
vn 0.0913 -0.9861 0.1388
vn 0.1290 -0.8328 -0.5384
vn 0.4572 0.5548 0.6951
vn 0.7293 0.5393 0.4210
vn 0.6189 0.2700 0.7376
vn 0.8192 -0.5551 0.1444
vn 0.8193 -0.5548 0.1446
vn 0.9810 -0.1938 0.0019
vn 0.8502 -0.5263 0.0115
vn -0.4589 -0.8202 -0.3416
vn -0.6023 -0.7982 -0.0082
vn -0.2600 -0.9503 -0.1710
vn -0.5479 0.5230 0.6529
vn -0.5478 0.5228 0.6532
vn -0.3234 0.8085 0.4917
vn -0.1042 0.9927 0.0602
vn -0.1045 0.9927 0.0603
vn -0.0970 0.5497 0.8297
vn -0.0367 0.7757 0.6300
vn -0.7139 -0.3632 -0.5987
vn -0.7139 -0.3628 -0.5990
vn -0.7139 -0.3630 -0.5988
vn -0.7456 -0.3688 -0.5551
vn -0.7458 -0.3688 -0.5547
vn -0.9831 0.1784 0.0414
vn -0.7138 0.3629 -0.5990
vn -0.7140 0.3626 -0.5989
vn -0.7141 0.3627 -0.5988
vn -0.7457 0.3686 -0.5550
vn -0.7456 0.3689 -0.5550
vn -0.1957 0.8202 -0.5376
vn 0.1662 0.8149 -0.5552
vn 0.1942 0.5393 -0.8194
vn 0.0503 0.9958 -0.0764
vn -0.0696 0.9919 -0.1059
vn 0.1543 0.6935 -0.7037
vn 0.7390 0.6737 -0.0105
vn 0.7386 0.6740 -0.0105
vn -0.0033 1.0000 0.0010
vn 0.4765 0.8167 -0.3256
vn 0.4762 0.8169 -0.3252
vn 0.9379 0.3460 -0.0261
vn 0.1921 -0.8274 0.5277
vn 0.2737 -0.9618 0.0004
vn -0.2737 -0.9615 -0.0255
vn -0.2740 -0.9614 -0.0256
vn 0.0925 -0.9957 -0.0001
vn 0.0922 -0.9957 -0.0001
vn 0.0917 -0.9958 -0.0003
vn 0.0017 -1.0000 -0.0015
vn 0.0009 -1.0000 -0.0016
vn 0.0014 -1.0000 -0.0017
vn 0.1993 -0.9799 0.0043
vn 0.1990 -0.9800 0.0044
vn 0.1996 -0.9799 0.0039
vn 0.1698 -0.9773 0.1264
vn 0.1696 -0.9774 0.1260
vn -0.0002 -1.0000 0.0002
vn 0.0002 -1.0000 -0.0002
vn -0.0003 -1.0000 0.0002
vn -0.0003 -1.0000 -0.0000
vn 0.1234 -0.9890 0.0811
vn 0.1230 -0.9891 0.0809
vn 0.0772 -0.9489 0.3060
vn 0.0003 -1.0000 -0.0000
vn -0.0002 -1.0000 0.0003
vn -0.0000 -1.0000 0.0003
vn -0.2816 0.1902 -0.9405
vn 0.8660 -0.0000 0.5000
vn 0.9660 -0.1947 0.1703
vn 0.8784 0.1837 0.4411
vn 0.0922 0.9957 -0.0044
vn 0.0927 0.9957 -0.0044
vn 0.0920 0.9957 -0.0040
vn -0.0922 0.9957 -0.0001
vn -0.0918 0.9958 -0.0001
vn 0.4457 0.8952 0.0035
vn 0.4953 0.8203 0.2860
vn 0.2015 0.9795 -0.0050
vn -0.0011 1.0000 0.0013
vn -0.0014 1.0000 0.0013
vn 0.1730 0.9783 0.1138
vn -0.2141 0.9747 -0.0642
vn -0.0000 1.0000 0.0003
vn -0.0002 1.0000 0.0003
vn -0.6428 -0.0000 0.7660
vn -0.6323 0.1797 0.7536
vn 0.3421 -0.0005 0.9397
vn 0.3420 0.0003 0.9397
vn 0.3420 -0.0000 0.9397
vn 0.3424 -0.0003 0.9396
vn 0.3421 0.0003 0.9397
vn 0.4487 -0.0000 0.8937
vn 0.4491 0.0002 0.8935
vn 0.4490 -0.0000 0.8935
vn 0.4489 -0.0002 0.8936
vn 0.6427 -0.0000 0.7661
vn -0.6025 -0.7979 0.0165
vn -0.8535 -0.5200 0.0337
vn -0.8537 -0.5197 0.0338
vn -0.4818 -0.8309 0.2782
vn -0.3032 -0.9528 0.0177
vn -0.9320 -0.3609 0.0350
vn -0.9318 -0.3612 0.0350
vn 0.9580 -0.0004 -0.2869
vn 0.9580 -0.0000 -0.2867
vn 0.9579 -0.0001 -0.2871
vn -0.0000 -0.9808 -0.1949
vn -0.2660 -0.3738 -0.8885
s 0
f 46//1 61//2 47//1
f 88//3 31//3 30//3
f 70//4 67//4 69//4
f 22//5 91//6 75//7
f 78//8 1//9 2//9
f 87//10 28//11 26//12
f 12//13 76//14 6//15
f 7//16 13//16 6//16
f 93//17 41//17 40//18
f 1//19 80//19 11//19
f 77//20 78//20 3//20
f 32//21 65//21 31//21
f 63//22 39//22 38//22
f 57//23 56//23 63//23
f 75//24 72//24 57//24
f 19//25 20//25 89//25
f 39//26 18//26 81//26
f 42//27 46//27 76//27
f 86//28 14//28 7//28
f 83//29 11//29 80//29
f 35//30 68//30 73//30
f 82//31 81//32 79//33
f 94//34 48//34 95//34
f 79//35 16//36 24//36
f 50//37 43//37 24//37
f 36//38 21//38 71//39
f 85//40 18//40 19//40
f 43//41 17//41 24//41
f 26//42 42//42 13//42
f 50//43 47//44 66//43
f 54//45 48//45 73//45
f 28//46 49//46 45//46
f 59//47 58//47 64//47
f 96//48 48//49 54//49
f 74//50 70//50 21//51
f 34//52 82//52 38//52
f 7//53 3//53 10//53
f 93//53 97//53 91//53
f 33//54 37//54 46//54
f 46//55 49//55 55//55
f 60//56 65//56 61//57
f 46//58 55//58 60//58
f 47//59 33//59 46//59
f 61//60 68//61 66//61
f 46//62 60//62 61//63
f 61//64 66//65 47//65
f 29//66 87//66 88//66
f 88//67 89//67 32//67
f 88//68 32//68 31//68
f 30//69 29//69 88//69
f 69//70 21//70 70//70
f 70//71 62//71 67//71
f 22//72 90//73 91//74
f 78//75 79//76 1//76
f 26//77 86//78 87//78
f 87//79 29//79 28//80
f 28//81 27//43 26//82
f 12//83 15//83 76//84
f 76//85 5//86 6//86
f 6//87 13//87 12//88
f 44//89 94//90 93//90
f 41//91 25//91 35//91
f 40//92 44//93 93//94
f 41//95 35//95 40//96
f 1//97 79//97 80//97
f 77//98 23//98 16//98
f 78//99 2//99 3//99
f 77//100 16//100 78//100
f 32//101 20//102 73//101
f 65//103 60//103 31//103
f 32//104 73//104 65//104
f 38//105 43//106 62//107
f 62//108 70//109 63//109
f 63//43 56//43 39//43
f 39//110 34//110 38//110
f 38//111 62//112 63//111
f 63//113 74//113 57//113
f 57//114 51//114 56//114
f 57//115 74//115 75//115
f 75//116 91//116 98//116
f 72//117 52//117 57//117
f 75//118 98//118 72//118
f 88//119 85//119 19//119
f 19//120 58//120 53//120
f 53//121 59//121 54//121
f 20//122 32//122 89//122
f 53//123 54//123 20//123
f 89//124 88//124 19//124
f 19//125 53//125 20//125
f 39//126 56//126 51//126
f 51//127 57//127 52//127
f 18//128 84//128 81//128
f 51//129 52//129 18//129
f 81//130 82//130 39//130
f 39//131 51//131 18//131
f 45//132 49//132 46//132
f 46//43 37//43 76//43
f 76//133 15//133 42//133
f 42//134 45//134 46//134
f 86//135 26//136 14//135
f 14//137 13//137 7//137
f 7//138 8//138 86//138
f 80//139 81//139 84//139
f 83//140 10//140 11//140
f 80//141 84//141 83//141
f 73//142 44//142 40//143
f 35//144 25//144 66//144
f 73//145 40//146 35//145
f 61//147 65//147 73//147
f 35//144 66//144 68//144
f 68//148 61//148 73//148
f 79//149 17//150 82//151
f 81//152 80//152 79//153
f 94//154 44//154 48//154
f 24//155 17//156 79//157
f 79//158 78//159 16//159
f 16//160 23//160 50//160
f 50//161 71//161 69//161
f 67//162 62//162 43//162
f 50//163 69//163 67//163
f 24//164 16//164 50//164
f 50//165 67//165 43//165
f 36//166 92//167 90//166
f 90//168 22//168 21//168
f 21//169 69//169 71//170
f 36//171 90//171 21//171
f 85//172 88//172 87//172
f 86//173 8//173 9//173
f 86//174 9//174 10//175
f 72//176 98//177 97//178
f 72//179 97//180 64//181
f 86//182 10//183 83//184
f 87//185 86//185 83//186
f 72//187 64//40 58//188
f 52//188 72//189 58//190
f 87//191 83//192 84//191
f 85//193 87//193 84//193
f 52//194 58//195 19//40
f 85//40 84//40 18//40
f 18//40 52//196 19//40
f 43//197 38//197 17//197
f 26//198 27//198 42//198
f 42//43 15//43 12//43
f 13//199 14//199 26//199
f 42//200 12//200 13//200
f 41//201 93//202 92//203
f 77//204 3//205 4//204
f 4//206 5//206 76//206
f 76//207 37//207 33//207
f 77//208 4//208 76//208
f 41//209 92//210 36//209
f 25//43 41//43 36//43
f 23//211 77//211 76//211
f 23//212 76//212 33//212
f 25//43 36//43 71//43
f 66//43 25//43 71//43
f 23//43 33//43 47//213
f 66//43 71//43 50//43
f 50//43 23//43 47//214
f 73//215 20//215 54//215
f 48//216 44//216 73//216
f 30//217 31//218 60//219
f 30//220 60//219 55//221
f 29//222 30//223 55//224
f 29//222 55//225 49//222
f 42//226 27//226 28//226
f 28//46 29//46 49//46
f 45//226 42//226 28//226
f 64//227 97//227 96//227
f 96//228 54//229 59//228
f 59//230 53//230 58//230
f 64//231 96//231 59//231
f 96//232 95//233 48//233
f 21//234 22//235 75//235
f 74//50 63//50 70//50
f 21//236 75//235 74//235
f 34//237 39//237 82//237
f 82//238 17//238 38//238
f 9//53 8//53 7//53
f 7//53 6//53 5//53
f 5//53 4//53 3//53
f 3//53 2//53 1//53
f 1//53 11//53 10//53
f 10//53 9//53 7//53
f 7//53 5//53 3//53
f 3//53 1//53 10//53
f 90//53 92//53 93//53
f 93//53 94//53 95//53
f 95//53 96//53 97//53
f 97//53 98//53 91//53
f 91//53 90//53 93//53
f 93//53 95//53 97//53
o seismograph
v 0.104254 0.004332 -0.283778
v 0.097174 0.037193 -0.288778
v 0.096839 0.038018 -0.283778
v 0.095516 0.041089 -0.288778
v 0.085516 0.058410 -0.288778
v 0.054972 0.086239 -0.283778
v 0.054348 0.086603 -0.288778
v 0.051189 0.088351 -0.283778
v 0.014348 0.099499 -0.288778
v -0.005652 0.099499 -0.288778
v -0.011830 0.098683 -0.283778
v -0.041941 0.088641 -0.288778
v -0.044396 0.087316 -0.283778
v -0.045652 0.086603 -0.288778
v -0.059535 0.076935 -0.288778
v -0.076554 0.058779 -0.283778
v -0.076821 0.058410 -0.288778
v -0.086821 0.041089 -0.288778
v -0.091292 0.029208 -0.288778
v -0.091712 0.027795 -0.283778
v -0.095629 0.002166 -0.283778
v -0.095629 -0.002166 -0.283778
v -0.091712 -0.027795 -0.283778
v -0.091292 -0.029208 -0.288778
v -0.086821 -0.041089 -0.288778
v -0.076821 -0.058410 -0.288778
v -0.076554 -0.058779 -0.283778
v -0.065813 -0.071256 -0.288778
v -0.065205 -0.071850 -0.283778
v -0.055304 -0.080260 -0.283778
v -0.045652 -0.086603 -0.288778
v -0.044396 -0.087316 -0.283778
v -0.011830 -0.098683 -0.283778
v -0.005652 -0.099499 -0.288778
v 0.014348 -0.099499 -0.288778
v 0.035033 -0.095176 -0.288778
v 0.054348 -0.086603 -0.288778
v 0.054972 -0.086239 -0.283778
v 0.062247 -0.081534 -0.283778
v 0.085516 -0.058410 -0.288778
v 0.095516 -0.041089 -0.288778
v 0.103973 -0.008656 -0.283778
v 0.103989 -0.008459 -0.288778
v 0.104254 -0.004332 -0.283778
v 0.149201 -0.060000 -0.288778
v 0.149201 0.060000 -0.288778
v 0.149201 -0.060000 -0.283778
v 0.149201 0.060000 -0.283778
v 0.064348 -0.144853 -0.288778
v 0.064348 -0.144853 -0.283778
v -0.055652 -0.144853 -0.288778
v -0.055652 -0.144853 -0.283778
v -0.140505 -0.060000 -0.288778
v -0.140505 -0.060000 -0.283778
v -0.140505 0.060000 -0.288778
v -0.140505 0.060000 -0.283778
v -0.055652 0.144853 -0.288778
v -0.055652 0.144853 -0.283778
v 0.064348 0.144853 -0.288778
v 0.064348 0.144853 -0.283778
v 0.100040 0.089458 -0.288778
v 0.099315 0.091689 -0.288778
v 0.098700 0.092693 -0.288778
v 0.097935 0.093588 -0.288778
v 0.096037 0.094967 -0.288778
v 0.094950 0.095417 -0.288778
v 0.093805 0.095692 -0.288778
v 0.092632 0.095784 -0.288778
v 0.091459 0.095692 -0.288778
v 0.086564 0.092693 -0.288778
v 0.085950 0.091689 -0.288778
v 0.085499 0.090602 -0.288778
v 0.085224 0.089458 -0.288778
v 0.085132 0.088284 -0.288778
v 0.085224 0.087111 -0.288778
v 0.085499 0.085967 -0.288778
v 0.086564 0.083876 -0.288778
v 0.090314 0.081151 -0.288778
v 0.091459 0.080877 -0.288778
v 0.092632 0.080784 -0.288778
v 0.094950 0.081151 -0.288778
v 0.099582 0.065696 -0.288778
v 0.096037 0.081602 -0.288778
v 0.097935 0.082981 -0.288778
v 0.102959 0.065292 -0.288778
v 0.099315 0.084879 -0.288778
v 0.106631 0.062677 -0.288778
v 0.110334 0.053887 -0.288778
v 0.109453 0.050602 -0.288778
v -0.076529 0.089458 -0.288778
v -0.076804 0.085967 -0.288778
v -0.077254 0.084879 -0.288778
v -0.081619 0.081151 -0.288778
v -0.082763 0.080877 -0.288778
v -0.083936 0.080784 -0.288778
v -0.085110 0.080877 -0.288778
v -0.089761 0.065507 -0.288778
v -0.086254 0.081151 -0.288778
v -0.088345 0.082217 -0.288778
v -0.093161 0.065587 -0.288778
v -0.089240 0.082981 -0.288778
v -0.090004 0.083876 -0.288778
v -0.090619 0.084879 -0.288778
v -0.091344 0.087111 -0.288778
v -0.097935 0.062677 -0.288778
v -0.078633 0.093588 -0.288778
v -0.005328 0.114254 -0.288778
v -0.079528 0.094352 -0.288778
v -0.080532 0.094967 -0.288778
v -0.082763 0.095692 -0.288778
v -0.085110 0.095692 -0.288778
v -0.086254 0.095417 -0.288778
v -0.087341 0.094967 -0.288778
v -0.088345 0.094352 -0.288778
v -0.089240 0.093588 -0.288778
v -0.090004 0.092693 -0.288778
v -0.090619 0.091689 -0.288778
v -0.091344 0.089458 -0.288778
v -0.091436 0.088284 -0.288778
v 0.100040 -0.089458 -0.288778
v 0.100132 -0.088284 -0.288778
v 0.100040 -0.087111 -0.288778
v 0.104983 -0.064249 -0.288778
v 0.099315 -0.084879 -0.288778
v 0.097935 -0.082981 -0.288778
v 0.101857 -0.065587 -0.288778
v 0.100723 -0.065723 -0.288778
v 0.096037 -0.081602 -0.288778
v 0.094950 -0.081151 -0.288778
v 0.098457 -0.065507 -0.288778
v 0.090314 -0.081151 -0.288778
v 0.089227 -0.081602 -0.288778
v 0.087329 -0.082981 -0.288778
v 0.086564 -0.083876 -0.288778
v 0.085224 -0.089458 -0.288778
v 0.086564 -0.092693 -0.288778
v 0.014024 -0.114254 -0.288778
v 0.091459 -0.095692 -0.288778
v 0.096037 -0.094967 -0.288778
v 0.099315 -0.091689 -0.288778
v -0.076529 -0.087111 -0.288778
v -0.076436 -0.088284 -0.288778
v -0.076529 -0.089458 -0.288778
v -0.078633 -0.093588 -0.288778
v -0.076804 -0.085967 -0.288778
v -0.077254 -0.084879 -0.288778
v -0.077869 -0.083876 -0.288778
v -0.081619 -0.081151 -0.288778
v -0.089761 -0.065507 -0.288778
v -0.086254 -0.081151 -0.288778
v -0.088345 -0.082217 -0.288778
v -0.093161 -0.065587 -0.288778
v -0.089240 -0.082981 -0.288778
v -0.090004 -0.083876 -0.288778
v -0.090619 -0.084879 -0.288778
v -0.097935 -0.062677 -0.288778
v -0.101638 -0.053887 -0.288778
v -0.100164 -0.049627 -0.288778
v -0.091344 -0.089458 -0.288778
v -0.089240 -0.093588 -0.288778
v -0.088345 -0.094352 -0.288778
v -0.087341 -0.094967 -0.288778
v -0.086254 -0.095417 -0.288778
v -0.085110 -0.095692 -0.288778
v -0.082763 -0.095692 -0.288778
v 0.014024 0.114254 -0.288778
v 0.013078 0.116325 -0.288778
v 0.008602 0.119676 -0.288778
v 0.001209 0.119919 -0.288778
v -0.003698 0.117239 -0.288778
v -0.101638 0.053887 -0.288778
v -0.100164 0.049627 -0.288778
v -0.005328 -0.114254 -0.288778
v -0.003698 -0.117239 -0.288778
v 0.001209 -0.119919 -0.288778
v 0.008602 -0.119676 -0.288778
v 0.013078 -0.116325 -0.288778
v 0.110334 -0.053887 -0.288778
v 0.109453 -0.050602 -0.288778
v 0.085224 0.087111 -0.283778
v 0.085132 0.088284 -0.283778
v 0.085224 0.089458 -0.283778
v 0.085499 0.090602 -0.283778
v 0.085950 0.091689 -0.283778
v 0.086564 0.092693 -0.283778
v 0.087329 0.093588 -0.283778
v 0.091459 0.095692 -0.283778
v 0.092632 0.095784 -0.283778
v 0.093805 0.095692 -0.283778
v 0.094950 0.095417 -0.283778
v 0.096037 0.094967 -0.283778
v 0.097935 0.093588 -0.283778
v 0.098700 0.092693 -0.283778
v 0.099315 0.091689 -0.283778
v 0.100040 0.089458 -0.283778
v 0.100132 0.088284 -0.283778
v 0.100040 0.087111 -0.283778
v 0.099315 0.084879 -0.283778
v 0.097935 0.082981 -0.283778
v 0.096037 0.081602 -0.283778
v 0.094950 0.081151 -0.283778
v 0.092632 0.080784 -0.283778
v 0.091459 0.080877 -0.283778
v 0.090314 0.081151 -0.283778
v 0.089227 0.081602 -0.283778
v 0.087329 0.082981 -0.283778
v 0.086564 0.083876 -0.283778
v 0.085499 0.085967 -0.283778
v -0.091344 0.087111 -0.283778
v -0.091436 0.088284 -0.283778
v -0.091344 0.089458 -0.283778
v -0.090619 0.091689 -0.283778
v -0.090004 0.092693 -0.283778
v -0.089240 0.093588 -0.283778
v -0.088345 0.094352 -0.283778
v -0.087341 0.094967 -0.283778
v -0.086254 0.095417 -0.283778
v -0.085110 0.095692 -0.283778
v -0.082763 0.095692 -0.283778
v -0.080532 0.094967 -0.283778
v -0.079528 0.094352 -0.283778
v -0.078633 0.093588 -0.283778
v -0.076529 0.089458 -0.283778
v -0.076436 0.088284 -0.283778
v -0.076529 0.087111 -0.283778
v -0.076804 0.085967 -0.283778
v -0.077254 0.084879 -0.283778
v -0.081619 0.081151 -0.283778
v -0.082763 0.080877 -0.283778
v -0.083936 0.080784 -0.283778
v -0.085110 0.080877 -0.283778
v -0.086254 0.081151 -0.283778
v -0.088345 0.082217 -0.283778
v -0.089240 0.082981 -0.283778
v -0.090004 0.083876 -0.283778
v -0.090619 0.084879 -0.283778
v 0.085224 -0.089458 -0.283778
v 0.085132 -0.088284 -0.283778
v 0.085224 -0.087111 -0.283778
v 0.085499 -0.085967 -0.283778
v 0.086564 -0.083876 -0.283778
v 0.087329 -0.082981 -0.283778
v 0.089227 -0.081602 -0.283778
v 0.090314 -0.081151 -0.283778
v 0.091459 -0.080877 -0.283778
v 0.092632 -0.080784 -0.283778
v 0.094950 -0.081151 -0.283778
v 0.098700 -0.083876 -0.283778
v 0.099315 -0.084879 -0.283778
v 0.100040 -0.087111 -0.283778
v 0.100132 -0.088284 -0.283778
v 0.100040 -0.089458 -0.283778
v 0.099315 -0.091689 -0.283778
v 0.098700 -0.092693 -0.283778
v 0.097935 -0.093588 -0.283778
v 0.096037 -0.094967 -0.283778
v 0.094950 -0.095417 -0.283778
v 0.093805 -0.095692 -0.283778
v 0.092632 -0.095784 -0.283778
v 0.091459 -0.095692 -0.283778
v 0.086564 -0.092693 -0.283778
v 0.085950 -0.091689 -0.283778
v 0.085499 -0.090602 -0.283778
v -0.091344 -0.089458 -0.283778
v -0.091436 -0.088284 -0.283778
v -0.091344 -0.087111 -0.283778
v -0.090619 -0.084879 -0.283778
v -0.090004 -0.083876 -0.283778
v -0.089240 -0.082981 -0.283778
v -0.088345 -0.082217 -0.283778
v -0.086254 -0.081151 -0.283778
v -0.085110 -0.080877 -0.283778
v -0.083936 -0.080784 -0.283778
v -0.082763 -0.080877 -0.283778
v -0.081619 -0.081151 -0.283778
v -0.077869 -0.083876 -0.283778
v -0.077254 -0.084879 -0.283778
v -0.076804 -0.085967 -0.283778
v -0.076529 -0.087111 -0.283778
v -0.076436 -0.088284 -0.283778
v -0.076529 -0.089458 -0.283778
v -0.078633 -0.093588 -0.283778
v -0.079528 -0.094352 -0.283778
v -0.080532 -0.094967 -0.283778
v -0.082763 -0.095692 -0.283778
v -0.085110 -0.095692 -0.283778
v -0.086254 -0.095417 -0.283778
v -0.087341 -0.094967 -0.283778
v -0.088345 -0.094352 -0.283778
v -0.089240 -0.093588 -0.283778
v -0.090004 -0.092693 -0.283778
v -0.090619 -0.091689 -0.283778
v -0.000703 0.008749 -0.388778
v -0.005754 -0.000000 -0.388778
v 0.009399 0.008749 -0.388778
v 0.014450 -0.000000 -0.388778
v -0.000703 -0.008749 -0.388778
v 0.009399 -0.008749 -0.388778
v 0.051377 -0.037259 -0.388778
v 0.047102 -0.035902 -0.388778
v 0.014348 -0.017321 -0.388778
v 0.022540 -0.057176 -0.388778
v 0.014063 -0.054977 -0.388778
v 0.013100 -0.059358 -0.388778
v -0.004405 -0.059358 -0.388778
v -0.005652 -0.017321 -0.388778
v -0.042682 -0.037259 -0.388778
v -0.025652 -0.051962 -0.388778
v -0.015652 -0.000000 -0.388778
v -0.055565 0.003232 -0.388778
v -0.049885 0.020549 -0.388778
v -0.051434 0.022099 -0.388778
v -0.051434 -0.022099 -0.388778
v -0.049885 -0.020549 -0.388778
v -0.019889 0.054887 -0.388778
v -0.004405 0.059358 -0.388778
v -0.005652 0.017321 -0.388778
v -0.042682 0.037259 -0.388778
v 0.051377 0.037259 -0.388778
v 0.014348 0.017321 -0.388778
v 0.014063 0.054977 -0.388778
v 0.013100 0.059358 -0.388778
v 0.060130 0.022099 -0.388778
v 0.024348 -0.000000 -0.388778
v 0.064000 0.006454 -0.388778
v 0.060130 -0.022099 -0.388778
v 0.058208 0.026440 -0.392476
v 0.063971 0.006718 -0.408778
v 0.058208 -0.026439 -0.392476
v 0.055151 -0.031922 -0.408778
v 0.055280 -0.031715 -0.392720
v 0.054731 -0.032581 -0.392669
v 0.052139 -0.036277 -0.390418
v 0.020958 -0.057655 -0.408778
v 0.011872 -0.059526 -0.390416
v 0.009354 -0.059791 -0.392145
v 0.001322 -0.059924 -0.392669
v -0.003175 -0.059527 -0.390417
v -0.024675 -0.052513 -0.408778
v -0.044586 -0.034720 -0.408778
v -0.044931 -0.034229 -0.392146
v -0.049933 -0.025565 -0.392147
v -0.055558 0.003364 -0.408778
v -0.049710 0.026033 -0.408778
v -0.049935 0.025562 -0.392146
v -0.049513 0.026439 -0.392476
v -0.044933 0.034226 -0.392147
v -0.018613 0.055433 -0.408778
v -0.003177 0.059526 -0.390416
v 0.001321 0.059924 -0.392669
v 0.011066 0.059623 -0.408778
v 0.011871 0.059527 -0.390417
v 0.053626 0.034229 -0.392146
v 0.055151 0.031922 -0.408778
v 0.055280 0.031715 -0.392720
v 0.024348 -0.000000 -0.386758
v 0.067579 0.024959 -0.362119
v 0.092524 0.045996 -0.355484
v 0.103875 0.051315 -0.330209
v 0.103664 0.052428 -0.330348
v 0.106445 0.051642 -0.321123
v 0.106399 0.052773 -0.321272
v 0.095120 0.060766 -0.334112
v 0.096124 0.060291 -0.334374
v 0.092719 0.058325 -0.342866
v 0.084229 0.053423 -0.358790
v 0.070750 0.045641 -0.376211
v 0.093642 0.057701 -0.343115
v 0.091716 0.056589 -0.347257
v 0.085113 0.052777 -0.359113
v 0.071571 0.044958 -0.376614
v 0.092552 0.055837 -0.347453
v 0.085927 0.052012 -0.359348
v 0.089002 0.052499 -0.355620
v 0.086654 0.051144 -0.359491
v 0.014348 0.017321 -0.386758
v 0.018034 0.019449 -0.385909
v 0.035792 0.029701 -0.378940
v 0.039162 0.031647 -0.377019
v 0.045669 0.035404 -0.372678
v 0.062891 0.045347 -0.355981
v 0.014348 0.025791 -0.384876
v 0.014348 0.021577 -0.385909
v 0.014348 0.045973 -0.377019
v 0.014348 0.042082 -0.378940
v 0.014348 0.053487 -0.372678
v 0.014348 0.090182 -0.330816
v 0.014024 0.092276 -0.356151
v 0.011587 0.089561 -0.365679
v 0.010673 0.090080 -0.366124
v 0.007486 0.090982 -0.366899
v 0.006348 0.091909 -0.365932
v 0.008602 0.106537 -0.343297
v 0.010673 0.109626 -0.334374
v 0.007486 0.106753 -0.343407
v 0.008602 0.110499 -0.334738
v -0.003698 0.088949 -0.365153
v -0.002891 0.089561 -0.365679
v 0.001209 0.090982 -0.366899
v -0.005652 0.017321 -0.386758
v -0.005652 0.049778 -0.374930
v -0.005652 0.090182 -0.330816
v -0.012988 0.021556 -0.384876
v -0.067090 0.052792 -0.334708
v -0.065073 0.050161 -0.367977
v -0.065995 0.049903 -0.368599
v -0.078091 0.056887 -0.350240
v -0.071596 0.046156 -0.369439
v -0.072875 0.048209 -0.366899
v -0.079089 0.056531 -0.350663
v -0.074248 0.047686 -0.365932
v -0.082107 0.057218 -0.346989
v -0.083040 0.058812 -0.342554
v -0.081784 0.054640 -0.351517
v -0.083021 0.056589 -0.347257
v -0.084024 0.058325 -0.342866
v -0.082521 0.053778 -0.351644
v -0.084946 0.057701 -0.343115
v -0.085789 0.056952 -0.343297
v -0.092058 0.060572 -0.325893
v -0.092815 0.059721 -0.325968
v -0.073596 0.042691 -0.369439
v -0.076248 0.044222 -0.365932
v -0.071309 0.036377 -0.372978
v -0.071142 0.037437 -0.373366
v -0.070441 0.039555 -0.373821
v -0.015652 -0.000000 -0.386758
v -0.064196 0.028027 -0.355981
v -0.078752 0.036431 -0.330816
v 0.014399 -0.000000 -0.388272
v 0.009373 -0.008705 -0.388272
v -0.000678 -0.008705 -0.388272
v -0.005703 -0.000000 -0.388272
v 0.087448 -0.036431 -0.330816
v 0.055669 -0.018083 -0.372678
v 0.038367 0.031173 -0.377497
v 0.064255 0.031186 -0.362525
v 0.062823 0.044876 -0.356356
v 0.015953 0.018216 -0.386418
v 0.009373 0.008705 -0.388272
v 0.014321 0.019158 -0.386418
v 0.014335 0.045048 -0.377497
v 0.002005 0.053650 -0.373136
v -0.000678 0.008705 -0.388272
v -0.012261 0.019793 -0.385382
v -0.012953 0.000755 -0.387267
v -0.021098 -0.004487 -0.385382
v -0.026596 -0.006318 -0.383660
v -0.078752 -0.036431 -0.330816
v -0.067090 -0.052792 -0.334708
v -0.012988 -0.021556 -0.384876
v -0.009338 -0.019449 -0.385909
v -0.007257 -0.018216 -0.386418
v -0.005652 -0.017321 -0.386758
v -0.005652 -0.029957 -0.383660
v -0.005652 -0.083926 -0.342224
v 0.014348 -0.083926 -0.342224
v 0.014348 -0.034066 -0.382263
v 0.014348 -0.017321 -0.386758
v 0.015953 -0.018216 -0.386418
v 0.018034 -0.019449 -0.385909
v 0.032352 -0.027715 -0.380689
v 0.035792 -0.029701 -0.378940
v 0.038367 -0.031173 -0.377497
v 0.039162 -0.031647 -0.377019
v 0.045669 -0.035404 -0.372678
v 0.077448 -0.053751 -0.330816
v -0.002361 0.005808 -0.388383
v -0.011347 0.007319 -0.387267
v -0.015227 0.009128 -0.386418
v 0.001370 -0.034032 -0.382762
v 0.001731 -0.029915 -0.384163
v -0.011651 0.006627 -0.387267
v -0.014357 0.010799 -0.386418
v -0.018029 0.012919 -0.385382
v 0.084733 -0.041846 -0.331054
v 0.086292 -0.042658 -0.327059
v 0.069730 0.034036 -0.356356
v 0.002168 0.049921 -0.375399
v 0.008301 0.090538 -0.331054
v 0.008217 0.088609 -0.334968
v 0.000395 0.090538 -0.331054
v 0.000479 0.088609 -0.334968
v -0.076037 0.041846 -0.331054
v -0.074324 0.040954 -0.334968
v -0.076037 -0.041846 -0.331054
v -0.074324 -0.040954 -0.334968
v 0.082263 -0.049637 -0.327059
v 0.080780 -0.048692 -0.331054
v -0.065073 -0.050161 -0.367977
v -0.078091 -0.056887 -0.350240
v -0.065995 -0.049903 -0.368599
v -0.071596 -0.046156 -0.369439
v -0.072875 -0.048209 -0.366899
v -0.074248 -0.047686 -0.365932
v -0.082521 -0.053778 -0.351644
v -0.092815 -0.059721 -0.325968
v -0.083040 -0.058812 -0.342554
v -0.079089 -0.056531 -0.350663
v -0.084024 -0.058325 -0.342866
v -0.082107 -0.057218 -0.346989
v -0.084946 -0.057701 -0.343115
v -0.083021 -0.056589 -0.347257
v -0.092058 -0.060572 -0.325893
v -0.085789 -0.056952 -0.343297
v -0.081784 -0.054640 -0.351517
v 0.106445 -0.051642 -0.321123
v 0.106399 -0.052773 -0.321272
v 0.103875 -0.051315 -0.330209
v 0.103664 -0.052428 -0.330348
v 0.092524 -0.045996 -0.355484
v 0.090164 -0.051855 -0.354737
v 0.075606 -0.049500 -0.369148
v 0.076497 -0.048959 -0.369614
v 0.085927 -0.052012 -0.359348
v 0.092296 -0.061950 -0.328464
v 0.086654 -0.051144 -0.359491
v 0.091716 -0.056589 -0.347257
v 0.092719 -0.058325 -0.342866
v 0.092552 -0.055837 -0.347453
v 0.093642 -0.057701 -0.343115
v -0.073596 -0.042691 -0.369439
v -0.076248 -0.044222 -0.365932
v -0.071309 -0.036377 -0.372978
v -0.071142 -0.037437 -0.373366
v -0.070441 -0.039555 -0.373821
v 0.014024 -0.092276 -0.356151
v 0.007486 -0.090982 -0.366899
v 0.006348 -0.091909 -0.365932
v 0.007486 -0.106753 -0.343407
v 0.011587 -0.098008 -0.354576
v 0.009671 -0.099030 -0.355262
v 0.008602 -0.106537 -0.343297
v 0.008602 -0.099361 -0.355484
v -0.003698 -0.088949 -0.365153
v -0.002891 -0.089561 -0.365679
v 0.001209 -0.090982 -0.366899
v 0.103989 -0.008459 -0.278778
v 0.095516 -0.041089 -0.278778
v 0.085516 -0.058410 -0.278778
v 0.054348 -0.086603 -0.278778
v 0.014348 -0.099499 -0.278778
v -0.005652 -0.099499 -0.278778
v -0.009855 -0.098986 -0.278778
v -0.059535 -0.076935 -0.278778
v -0.076821 -0.058410 -0.278778
v -0.086821 -0.041089 -0.278778
v -0.091292 -0.029208 -0.278778
v -0.091292 0.029208 -0.278778
v -0.086821 0.041089 -0.278778
v -0.076821 0.058410 -0.278778
v -0.065813 0.071256 -0.278778
v -0.059535 0.076935 -0.278778
v -0.009855 0.098986 -0.278778
v -0.005652 0.099499 -0.278778
v 0.014348 0.099499 -0.278778
v 0.054348 0.086603 -0.278778
v 0.057969 0.084408 -0.278778
v 0.085516 0.058410 -0.278778
v 0.095516 0.041089 -0.278778
v 0.097174 0.037193 -0.278778
v 0.149201 0.060000 -0.278778
v 0.149201 -0.060000 -0.278778
v 0.064348 0.144853 -0.278778
v -0.055652 0.144853 -0.278778
v -0.140505 0.060000 -0.278778
v -0.140505 -0.060000 -0.278778
v -0.055652 -0.144853 -0.278778
v 0.064348 -0.144853 -0.278778
v 0.100040 -0.089458 -0.278778
v 0.099315 -0.091689 -0.278778
v 0.098700 -0.092693 -0.278778
v 0.097935 -0.093588 -0.278778
v 0.096037 -0.094967 -0.278778
v 0.094950 -0.095417 -0.278778
v 0.093805 -0.095692 -0.278778
v 0.092632 -0.095784 -0.278778
v 0.091459 -0.095692 -0.278778
v 0.086564 -0.092693 -0.278778
v 0.085950 -0.091689 -0.278778
v 0.085499 -0.090602 -0.278778
v 0.085224 -0.089458 -0.278778
v 0.085132 -0.088284 -0.278778
v 0.085224 -0.087111 -0.278778
v 0.085499 -0.085967 -0.278778
v 0.086564 -0.083876 -0.278778
v 0.090314 -0.081151 -0.278778
v 0.091459 -0.080877 -0.278778
v 0.092632 -0.080784 -0.278778
v 0.098457 -0.065507 -0.278778
v 0.094950 -0.081151 -0.278778
v 0.099582 -0.065696 -0.278778
v 0.102959 -0.065292 -0.278778
v 0.099315 -0.084879 -0.278778
v 0.106631 -0.062677 -0.278778
v 0.110334 -0.053887 -0.278778
v 0.108133 -0.048747 -0.278778
v -0.076529 -0.089458 -0.278778
v -0.077254 -0.084879 -0.278778
v -0.081619 -0.081151 -0.278778
v -0.087647 -0.064660 -0.278778
v -0.082763 -0.080877 -0.278778
v -0.083936 -0.080784 -0.278778
v -0.088674 -0.065159 -0.278778
v -0.085110 -0.080877 -0.278778
v -0.089761 -0.065507 -0.278778
v -0.086254 -0.081151 -0.278778
v -0.088345 -0.082217 -0.278778
v -0.089240 -0.082981 -0.278778
v -0.090004 -0.083876 -0.278778
v -0.090619 -0.084879 -0.278778
v -0.096287 -0.064249 -0.278778
v -0.091344 -0.087111 -0.278778
v -0.078633 -0.093588 -0.278778
v -0.005328 -0.114254 -0.278778
v -0.079528 -0.094352 -0.278778
v -0.080532 -0.094967 -0.278778
v -0.082763 -0.095692 -0.278778
v -0.085110 -0.095692 -0.278778
v -0.086254 -0.095417 -0.278778
v -0.087341 -0.094967 -0.278778
v -0.088345 -0.094352 -0.278778
v -0.089240 -0.093588 -0.278778
v -0.090004 -0.092693 -0.278778
v -0.090619 -0.091689 -0.278778
v -0.091344 -0.089458 -0.278778
v -0.091436 -0.088284 -0.278778
v 0.100040 0.089458 -0.278778
v 0.100132 0.088284 -0.278778
v 0.100040 0.087111 -0.278778
v 0.104983 0.064249 -0.278778
v 0.099315 0.084879 -0.278778
v 0.101857 0.065587 -0.278778
v 0.094950 0.081151 -0.278778
v 0.098457 0.065507 -0.278778
v 0.090314 0.081151 -0.278778
v 0.089227 0.081602 -0.278778
v 0.087329 0.082981 -0.278778
v 0.086564 0.083876 -0.278778
v 0.085224 0.089458 -0.278778
v 0.085499 0.090602 -0.278778
v 0.086564 0.092693 -0.278778
v 0.014024 0.114254 -0.278778
v 0.091459 0.095692 -0.278778
v 0.096037 0.094967 -0.278778
v 0.099315 0.091689 -0.278778
v -0.076529 0.087111 -0.278778
v -0.076436 0.088284 -0.278778
v -0.076529 0.089458 -0.278778
v -0.078633 0.093588 -0.278778
v -0.076804 0.085967 -0.278778
v -0.077254 0.084879 -0.278778
v -0.077869 0.083876 -0.278778
v -0.081619 0.081151 -0.278778
v -0.089761 0.065507 -0.278778
v -0.086254 0.081151 -0.278778
v -0.088345 0.082217 -0.278778
v -0.093161 0.065587 -0.278778
v -0.089240 0.082981 -0.278778
v -0.090004 0.083876 -0.278778
v -0.090619 0.084879 -0.278778
v -0.096287 0.064249 -0.278778
v -0.101422 0.056154 -0.278778
v -0.100164 0.049627 -0.278778
v -0.091344 0.089458 -0.278778
v -0.089240 0.093588 -0.278778
v -0.088345 0.094352 -0.278778
v -0.087341 0.094967 -0.278778
v -0.086254 0.095417 -0.278778
v -0.085110 0.095692 -0.278778
v -0.082763 0.095692 -0.278778
v 0.013078 -0.116325 -0.278778
v 0.008602 -0.119676 -0.278778
v -0.001977 -0.118730 -0.278778
v -0.003698 -0.117239 -0.278778
v -0.101422 -0.056154 -0.278778
v -0.100164 -0.049627 -0.278778
v -0.005328 0.114254 -0.278778
v -0.003698 0.117239 -0.278778
v 0.001209 0.119919 -0.278778
v 0.008602 0.119676 -0.278778
v 0.012394 0.117239 -0.278778
v 0.109770 0.057241 -0.278778
v 0.110334 0.053887 -0.278778
v 0.108133 0.048747 -0.278778
v -0.000703 -0.008749 -0.178778
v -0.005754 -0.000000 -0.178778
v 0.009399 -0.008749 -0.178778
v 0.014450 -0.000000 -0.178778
v -0.000703 0.008749 -0.178778
v 0.009399 0.008749 -0.178778
v 0.051377 0.037259 -0.178778
v 0.014348 0.017321 -0.178778
v 0.022540 0.057176 -0.178778
v 0.013100 0.059358 -0.178778
v -0.004405 0.059358 -0.178778
v -0.005652 0.017321 -0.178778
v -0.042682 0.037259 -0.178778
v -0.025652 0.051962 -0.178778
v -0.015652 -0.000000 -0.178778
v -0.055565 -0.003232 -0.178778
v -0.049885 -0.020549 -0.178778
v -0.051434 -0.022099 -0.178778
v -0.051434 0.022099 -0.178778
v -0.049885 0.020549 -0.178778
v -0.019889 -0.054887 -0.178778
v -0.004405 -0.059358 -0.178778
v -0.005652 -0.017321 -0.178778
v -0.038406 -0.035902 -0.178778
v -0.042682 -0.037259 -0.178778
v 0.047102 -0.035902 -0.178778
v 0.051377 -0.037259 -0.178778
v 0.014348 -0.017321 -0.178778
v 0.013100 -0.059358 -0.178778
v 0.060130 -0.022099 -0.178778
v 0.056817 -0.019075 -0.178778
v 0.024348 -0.000000 -0.178778
v 0.064000 -0.006454 -0.178778
v 0.056817 0.019075 -0.178778
v 0.060130 0.022099 -0.178778
v 0.058208 -0.026440 -0.175080
v 0.059660 -0.023249 -0.177138
v 0.063971 -0.006718 -0.158778
v 0.059661 0.023248 -0.177139
v 0.058208 0.026439 -0.175080
v 0.055151 0.031922 -0.158778
v 0.055280 0.031715 -0.174836
v 0.053628 0.034226 -0.175409
v 0.020958 0.057655 -0.158778
v 0.010268 0.059707 -0.175871
v 0.001322 0.059924 -0.174887
v -0.024675 0.052513 -0.158778
v -0.044586 0.034720 -0.158778
v -0.044931 0.034229 -0.175410
v -0.046036 0.032581 -0.174887
v -0.049933 0.025565 -0.175409
v -0.055558 -0.003364 -0.158778
v -0.049710 -0.026033 -0.158778
v -0.049935 -0.025562 -0.175410
v -0.049513 -0.026439 -0.175080
v -0.045480 -0.033424 -0.175080
v -0.043443 -0.036277 -0.177138
v -0.018613 -0.055433 -0.158778
v 0.001321 -0.059924 -0.174887
v 0.008379 -0.059864 -0.175079
v 0.011066 -0.059623 -0.158778
v 0.011871 -0.059527 -0.177139
v 0.053626 -0.034229 -0.175410
v 0.055151 -0.031922 -0.158778
v 0.055280 -0.031715 -0.174836
v 0.028034 -0.002128 -0.181647
v 0.024348 -0.000000 -0.180798
v 0.049162 -0.014326 -0.190537
v 0.045792 -0.012381 -0.188616
v 0.055669 -0.018083 -0.194878
v 0.091531 -0.038788 -0.248867
v 0.035292 -0.006318 -0.183896
v 0.092524 -0.045996 -0.212072
v 0.103875 -0.051315 -0.237347
v 0.103664 -0.052428 -0.237208
v 0.106445 -0.051642 -0.246433
v 0.106399 -0.052773 -0.246284
v 0.095120 -0.060766 -0.233444
v 0.096124 -0.060291 -0.233182
v 0.092719 -0.058325 -0.224690
v 0.070750 -0.045641 -0.191345
v 0.093642 -0.057701 -0.224441
v 0.091716 -0.056589 -0.220299
v 0.071571 -0.044958 -0.190942
v 0.092552 -0.055837 -0.220103
v 0.090480 -0.054640 -0.216039
v 0.091216 -0.053778 -0.215912
v 0.089002 -0.052499 -0.211936
v 0.014348 -0.017321 -0.180798
v 0.045669 -0.035404 -0.194878
v 0.081531 -0.056108 -0.248867
v 0.014348 -0.053487 -0.194878
v 0.014348 -0.090182 -0.236740
v 0.013078 -0.085201 -0.199579
v 0.012394 -0.085870 -0.198957
v 0.008602 -0.084376 -0.193907
v 0.007486 -0.084547 -0.193735
v 0.007486 -0.090982 -0.200657
v 0.008602 -0.106537 -0.224259
v 0.007486 -0.106753 -0.224149
v 0.013078 -0.113087 -0.251523
v 0.012394 -0.113976 -0.251309
v -0.004382 -0.085201 -0.199579
v -0.003698 -0.085870 -0.198957
v 0.000094 -0.106537 -0.224259
v 0.001209 -0.106753 -0.224149
v 0.001209 -0.090982 -0.200657
v -0.005652 -0.029957 -0.183896
v -0.005652 -0.017321 -0.180798
v -0.005652 -0.021577 -0.181647
v -0.005652 -0.042082 -0.188616
v -0.005652 -0.045973 -0.190537
v -0.005652 -0.049778 -0.192626
v -0.005652 -0.090182 -0.236740
v -0.033761 -0.033549 -0.192626
v -0.061247 -0.049418 -0.221723
v -0.070728 -0.054518 -0.211405
v -0.066597 -0.045872 -0.193907
v -0.067303 -0.044992 -0.193735
v -0.074248 -0.047686 -0.201624
v -0.083021 -0.056589 -0.220299
v -0.083856 -0.055837 -0.220103
v -0.076248 -0.044222 -0.201624
v -0.071142 -0.037437 -0.194190
v -0.070851 -0.038504 -0.193907
v -0.070441 -0.039555 -0.193735
v -0.015652 -0.000000 -0.180798
v -0.043761 -0.016229 -0.192626
v -0.075283 -0.034428 -0.229043
v 0.014399 -0.000000 -0.179284
v 0.009373 0.008705 -0.179284
v -0.000678 0.008705 -0.179284
v -0.005703 -0.000000 -0.179284
v 0.077721 0.030815 -0.218223
v 0.055669 0.018083 -0.194878
v 0.049162 0.014326 -0.190537
v 0.048354 0.013875 -0.190059
v 0.045792 0.012381 -0.188616
v 0.042352 0.010395 -0.186867
v 0.028034 0.002128 -0.181647
v 0.025925 0.000942 -0.181138
v 0.025925 -0.000942 -0.181138
v 0.048354 -0.013875 -0.190059
v 0.009373 -0.008705 -0.179284
v -0.005639 -0.045048 -0.190059
v 0.002005 -0.053650 -0.194420
v -0.005625 -0.019158 -0.181138
v -0.000678 -0.008705 -0.179284
v -0.026596 0.006318 -0.183896
v -0.017230 0.000942 -0.181138
v -0.019338 0.002128 -0.181647
v -0.037096 0.012381 -0.188616
v -0.039658 0.013875 -0.190059
v -0.040466 0.014326 -0.190537
v -0.043761 0.016229 -0.192626
v -0.075283 0.034428 -0.229043
v -0.061247 0.049418 -0.221723
v -0.033761 0.033549 -0.192626
v -0.005652 0.017321 -0.180798
v -0.005652 0.029957 -0.183896
v -0.004682 0.028639 -0.183393
v -0.004494 0.032998 -0.184794
v -0.005652 0.053487 -0.194878
v -0.005652 0.093502 -0.244758
v 0.014348 0.096111 -0.253034
v 0.014348 0.078950 -0.218223
v 0.014348 0.038110 -0.186867
v 0.002680 0.038194 -0.186374
v 0.014243 0.036928 -0.186374
v 0.014348 0.025791 -0.182680
v 0.014348 0.021577 -0.181647
v 0.014321 0.019158 -0.181138
v 0.014348 0.017321 -0.180798
v 0.045669 0.035404 -0.194878
v 0.072030 0.050623 -0.225332
v 0.008561 0.096498 -0.252887
v 0.008508 0.095278 -0.248697
v 0.000188 0.095278 -0.248697
v 0.000249 0.093876 -0.244565
v 0.002858 0.034130 -0.184794
v 0.074707 0.036627 -0.217884
v 0.079148 0.038939 -0.225031
v 0.002168 -0.049921 -0.192157
v 0.008301 -0.090538 -0.236502
v 0.008217 -0.088609 -0.232588
v 0.000395 -0.090538 -0.236502
v 0.000479 -0.088609 -0.232588
v -0.066774 -0.045310 -0.225031
v -0.064729 -0.044006 -0.221403
v -0.072462 -0.039984 -0.228762
v -0.070453 -0.038939 -0.225031
v -0.072462 0.039984 -0.228762
v -0.070453 0.038939 -0.225031
v -0.066774 0.045310 -0.225031
v -0.064729 0.044006 -0.221403
v -0.065073 0.050161 -0.199579
v -0.065995 0.049903 -0.198957
v -0.072875 0.048209 -0.200657
v 0.101972 0.045190 -0.239092
v 0.106445 0.051642 -0.246433
v 0.106399 0.052773 -0.246284
v 0.103875 0.051315 -0.237347
v 0.103664 0.052428 -0.237208
v 0.102170 0.051566 -0.232818
v 0.092524 0.045997 -0.212072
v 0.090164 0.051855 -0.212819
v 0.081776 0.052007 -0.205041
v 0.082648 0.051353 -0.204702
v 0.085113 0.052777 -0.208443
v 0.086654 0.051144 -0.208065
v 0.096124 0.060291 -0.233182
v 0.097062 0.059676 -0.232972
v -0.076248 0.044222 -0.201624
v -0.071142 0.037437 -0.194190
v -0.070851 0.038504 -0.193907
v -0.070441 0.039555 -0.193735
v 0.013078 0.085201 -0.199579
v 0.012394 0.108249 -0.233754
v 0.012394 0.085870 -0.198957
v 0.011587 0.112226 -0.242169
v 0.011587 0.108994 -0.233444
v 0.010673 0.112876 -0.241956
v 0.010673 0.109626 -0.233182
v 0.010673 0.098576 -0.212599
v 0.008602 0.116345 -0.250738
v 0.008602 0.110499 -0.232818
v -0.004382 0.085201 -0.199579
v -0.003698 0.085870 -0.198957
v 0.001209 0.090982 -0.200657
v -0.003698 0.108249 -0.233754
v 0.001209 0.102119 -0.215912
v -0.001977 0.109626 -0.233182
v 0.000094 0.110499 -0.232818
v -0.001977 0.112876 -0.241956
v 0.000094 0.116345 -0.250738
v 0.001209 0.116581 -0.250681
v 0.099944 -0.086615 -0.298778
v 0.099944 -0.086615 0.001222
v 0.100132 -0.088284 -0.298778
v 0.100132 -0.088284 0.001222
v 0.099944 -0.089953 -0.298778
v 0.099944 -0.089953 0.001222
v 0.095886 -0.095042 -0.298778
v 0.095886 -0.095042 0.001222
v 0.092632 -0.095784 -0.298778
v 0.092632 -0.095784 0.001222
v 0.090963 -0.095596 -0.298778
v 0.090963 -0.095596 0.001222
v 0.089378 -0.095042 -0.298778
v 0.089378 -0.095042 0.001222
v 0.085320 -0.089953 -0.298778
v 0.085320 -0.089953 0.001222
v 0.086768 -0.083608 -0.298778
v 0.086768 -0.083608 0.001222
v 0.090963 -0.080972 -0.298778
v 0.090963 -0.080972 0.001222
v 0.094301 -0.080972 -0.298778
v 0.094301 -0.080972 0.001222
v 0.095886 -0.081527 -0.298778
v 0.095886 -0.081527 0.001222
v 0.097308 -0.082421 -0.298778
v 0.097308 -0.082421 0.001222
v 0.098496 -0.083608 -0.298778
v 0.098496 -0.083608 0.001222
v 0.099944 0.089953 -0.298778
v 0.099944 0.089953 0.001222
v 0.098496 0.083608 -0.298778
v 0.098496 0.083608 0.001222
v 0.094301 0.080972 -0.298778
v 0.094301 0.080972 0.001222
v 0.090963 0.080972 -0.298778
v 0.090963 0.080972 0.001222
v 0.089378 0.081527 -0.298778
v 0.089378 0.081527 0.001222
v 0.087956 0.082421 -0.298778
v 0.087956 0.082421 0.001222
v 0.086768 0.083608 -0.298778
v 0.086768 0.083608 0.001222
v 0.085320 0.086615 -0.298778
v 0.085320 0.086615 0.001222
v 0.085132 0.088284 -0.298778
v 0.085132 0.088284 0.001222
v 0.085320 0.089953 -0.298778
v 0.085320 0.089953 0.001222
v 0.085875 0.091538 -0.298778
v 0.085875 0.091538 0.001222
v 0.086768 0.092960 -0.298778
v 0.086768 0.092960 0.001222
v 0.087956 0.094148 -0.298778
v 0.087956 0.094148 0.001222
v 0.089378 0.095042 -0.298778
v 0.089378 0.095042 0.001222
v 0.090963 0.095596 -0.298778
v 0.090963 0.095596 0.001222
v 0.092632 0.095784 -0.298778
v 0.092632 0.095784 0.001222
v 0.094301 0.095596 -0.298778
v 0.094301 0.095596 0.001222
v 0.095886 0.095042 -0.298778
v 0.095886 0.095042 0.001222
v -0.076624 -0.086615 -0.298778
v -0.076624 -0.086615 0.001222
v -0.076436 -0.088284 -0.298778
v -0.076436 -0.088284 0.001222
v -0.076624 -0.089953 -0.298778
v -0.076624 -0.089953 0.001222
v -0.079260 -0.094148 -0.298778
v -0.079260 -0.094148 0.001222
v -0.080682 -0.095042 -0.298778
v -0.080682 -0.095042 0.001222
v -0.082268 -0.095596 -0.298778
v -0.082268 -0.095596 0.001222
v -0.083936 -0.095784 -0.298778
v -0.083936 -0.095784 0.001222
v -0.087191 -0.095042 -0.298778
v -0.087191 -0.095042 0.001222
v -0.088613 -0.094148 -0.298778
v -0.088613 -0.094148 0.001222
v -0.089800 -0.092960 -0.298778
v -0.089800 -0.092960 0.001222
v -0.090694 -0.091538 -0.298778
v -0.090694 -0.091538 0.001222
v -0.091248 -0.089953 -0.298778
v -0.091248 -0.089953 0.001222
v -0.091436 -0.088284 -0.298778
v -0.091436 -0.088284 0.001222
v -0.091248 -0.086615 -0.298778
v -0.091248 -0.086615 0.001222
v -0.090694 -0.085030 -0.298778
v -0.090694 -0.085030 0.001222
v -0.087191 -0.081527 -0.298778
v -0.087191 -0.081527 0.001222
v -0.080682 -0.081527 -0.298778
v -0.080682 -0.081527 0.001222
v -0.077179 -0.085030 -0.298778
v -0.077179 -0.085030 0.001222
v -0.076624 0.089953 -0.298778
v -0.076624 0.089953 0.001222
v -0.076436 0.088284 -0.298778
v -0.076436 0.088284 0.001222
v -0.076624 0.086615 -0.298778
v -0.076624 0.086615 0.001222
v -0.077179 0.085030 -0.298778
v -0.077179 0.085030 0.001222
v -0.080682 0.081527 -0.298778
v -0.080682 0.081527 0.001222
v -0.083936 0.080784 -0.298778
v -0.083936 0.080784 0.001222
v -0.085605 0.080972 -0.298778
v -0.085605 0.080972 0.001222
v -0.087191 0.081527 -0.298778
v -0.087191 0.081527 0.001222
v -0.090694 0.085030 -0.298778
v -0.090694 0.085030 0.001222
v -0.091248 0.086615 -0.298778
v -0.091248 0.086615 0.001222
v -0.091436 0.088284 -0.298778
v -0.091436 0.088284 0.001222
v -0.091248 0.089953 -0.298778
v -0.091248 0.089953 0.001222
v -0.090694 0.091538 -0.298778
v -0.090694 0.091538 0.001222
v -0.087191 0.095042 -0.298778
v -0.087191 0.095042 0.001222
v -0.083936 0.095784 -0.298778
v -0.083936 0.095784 0.001222
v -0.079260 0.094148 -0.298778
v -0.079260 0.094148 0.001222
v -0.078073 0.092960 -0.298778
v -0.078073 0.092960 0.001222
v -0.077179 0.091538 -0.298778
v -0.077179 0.091538 0.001222
v 0.099443 0.091377 0.001222
v 0.099445 0.085276 -0.008778
v 0.099445 0.085276 0.001222
v 0.094912 0.081192 -0.008778
v 0.094912 0.081192 0.001222
v 0.091810 0.080866 0.001222
v 0.088844 0.081829 -0.008778
v 0.088844 0.081829 0.001222
v 0.086526 0.083915 -0.008778
v 0.086526 0.083915 0.001222
v 0.085256 0.089882 -0.008778
v 0.085256 0.089882 0.001222
v 0.088841 0.094819 -0.008778
v 0.088841 0.094819 0.001222
v 0.094908 0.095458 -0.008778
v 0.094908 0.095458 0.001222
v 0.097610 0.093899 -0.008778
v 0.099443 0.091377 -0.008778
v -0.077126 0.091337 0.001222
v -0.076477 0.088286 -0.008778
v -0.077124 0.085236 -0.008778
v -0.077124 0.085236 0.001222
v -0.078957 0.082712 -0.008778
v -0.081657 0.081152 -0.008778
v -0.081657 0.081152 0.001222
v -0.084759 0.080825 -0.008778
v -0.084759 0.080825 0.001222
v -0.090043 0.083875 -0.008778
v -0.090043 0.083875 0.001222
v -0.091312 0.086724 0.001222
v -0.091313 0.089842 -0.008778
v -0.091313 0.089842 0.001222
v -0.087728 0.094779 -0.008778
v -0.087728 0.094779 0.001222
v -0.081660 0.095418 -0.008778
v -0.081660 0.095418 0.001222
v -0.077126 0.091337 -0.008778
v 0.099483 -0.085192 0.001222
v 0.099485 -0.091293 -0.008778
v 0.099485 -0.091293 0.001222
v 0.094952 -0.095377 -0.008778
v 0.094952 -0.095377 0.001222
v 0.088884 -0.094740 -0.008778
v 0.088884 -0.094740 0.001222
v 0.086566 -0.092654 -0.008778
v 0.086566 -0.092654 0.001222
v 0.085296 -0.086687 -0.008778
v 0.085296 -0.086687 0.001222
v 0.086564 -0.083837 -0.008778
v 0.086564 -0.083837 0.001222
v 0.091847 -0.080785 -0.008778
v 0.091847 -0.080785 0.001222
v 0.097650 -0.082669 -0.008778
v 0.097650 -0.082669 0.001222
v 0.099483 -0.085192 -0.008778
v -0.076436 -0.088283 -0.008778
v -0.076436 -0.088283 0.001222
v -0.077084 -0.091333 -0.008778
v -0.077084 -0.091333 0.001222
v -0.081617 -0.095417 -0.008778
v -0.081617 -0.095417 0.001222
v -0.087685 -0.094780 -0.008778
v -0.087685 -0.094780 0.001222
v -0.090003 -0.092694 -0.008778
v -0.090003 -0.092694 0.001222
v -0.091273 -0.086727 -0.008778
v -0.091273 -0.086727 0.001222
v -0.087688 -0.081790 -0.008778
v -0.087688 -0.081790 0.001222
v -0.084722 -0.080826 0.001222
v -0.081620 -0.081151 -0.008778
v -0.081620 -0.081151 0.001222
v -0.078919 -0.082710 -0.008778
v -0.078919 -0.082710 0.001222
v 0.092688 0.123784 -0.008778
v 0.004320 0.035376 -0.008778
v 0.092688 0.123784 0.001222
v 0.004320 0.035376 0.001222
v 0.128052 0.088437 -0.008778
v 0.128052 0.088437 0.001222
v 0.039683 0.000028 -0.008778
v 0.039683 0.000028 0.001222
v 0.128092 -0.088340 -0.008778
v 0.128092 -0.088340 0.001222
v 0.092744 -0.123703 -0.008778
v 0.092744 -0.123703 0.001222
v 0.004336 -0.035335 -0.008778
v 0.004336 -0.035335 0.001222
v -0.084032 -0.123744 -0.008778
v -0.084032 -0.123744 0.001222
v -0.119396 -0.088396 -0.008778
v -0.119396 -0.088396 0.001222
v -0.031027 0.000012 -0.008778
v -0.031027 0.000012 0.001222
v -0.119436 0.088380 -0.008778
v -0.119436 0.088380 0.001222
v -0.084088 0.123744 -0.008778
v -0.084088 0.123744 0.001222
vn -0.4164 0.9065 -0.0704
vn -0.4160 0.9066 -0.0708
vn -0.1189 -0.9620 -0.2456
vn -0.1191 -0.9621 -0.2454
vn 0.8968 0.3843 0.2193
vn -0.3288 0.6236 0.7092
vn -0.3290 0.6234 0.7093
vn -0.5117 0.8359 -0.1988
vn -0.5120 0.8357 -0.1987
vn -0.0000 -0.0000 -1.0000
vn -0.0000 -0.0000 1.0000
vn -0.8919 -0.2529 -0.3749
vn -0.8918 -0.2529 -0.3752
vn -0.9937 -0.1119 -0.0000
vn -0.9937 -0.1119 -0.0005
vn -0.6806 0.1549 -0.7161
vn -0.5144 0.8392 -0.1766
vn -0.5141 0.8394 -0.1767
vn -0.5139 0.8395 -0.1766
vn 0.9607 -0.2618 0.0921
vn 0.9608 -0.2614 0.0923
vn 0.9608 -0.2612 0.0926
vn 0.0457 -0.8775 -0.4774
vn -0.0000 1.0000 -0.0000
vn 0.9970 0.0779 -0.0004
vn 0.9969 0.0782 -0.0000
vn 0.6598 -0.6700 -0.3404
vn 0.6602 -0.6699 -0.3396
vn -0.0000 0.3528 0.9357
vn 0.0001 0.3524 0.9359
vn 0.9998 -0.0142 -0.0155
vn 0.9998 -0.0142 -0.0146
vn 0.9998 -0.0140 -0.0148
vn -0.9723 0.2337 -0.0000
vn -0.9723 0.2336 -0.0006
vn -0.6690 -0.7433 -0.0000
vn 1.0000 -0.0000 -0.0000
vn -0.9669 -0.1693 0.1910
vn -0.7072 0.7070 -0.0000
vn -0.7075 0.7067 -0.0002
vn -0.7070 0.7072 -0.0000
vn 0.7071 -0.7071 -0.0000
vn 0.0003 -0.0000 -1.0000
vn -0.0005 0.0002 -1.0000
vn -0.0000 -1.0000 -0.0000
vn -0.1560 0.9862 0.0551
vn -0.1566 0.9861 0.0549
vn -0.1561 0.9862 0.0548
vn 0.8382 -0.4839 -0.2513
vn -0.0787 -0.9969 -0.0000
vn -0.0790 -0.9969 -0.0000
vn -0.0788 -0.9969 0.0002
vn 0.6607 0.7371 0.1416
vn 0.6612 0.7366 0.1421
vn 0.0006 -0.6294 -0.7771
vn -0.0000 -0.6291 -0.7773
vn -0.9937 -0.1119 0.0005
vn 0.9893 -0.0594 0.1334
vn -0.7069 -0.7073 -0.0000
vn 0.2985 -0.1720 -0.9388
vn 0.2983 -0.1722 -0.9388
vn 0.9937 0.1119 -0.0000
vn -0.5769 -0.3331 -0.7458
vn -0.5768 -0.3320 -0.7464
vn -0.9991 -0.0391 -0.0190
vn -0.9990 -0.0392 -0.0195
vn -0.9990 -0.0393 -0.0193
vn -0.6479 0.7583 0.0729
vn -0.6472 0.7588 0.0725
vn 0.5689 -0.8173 -0.0910
vn 0.5689 -0.8174 -0.0907
vn -0.1391 -0.9850 0.1025
vn -0.8697 -0.4094 -0.2758
vn -0.5140 -0.8567 0.0427
vn -0.5140 -0.8567 0.0430
vn 0.5878 0.8090 -0.0000
vn -0.0785 0.9969 -0.0000
vn -0.0782 0.9969 -0.0003
vn -0.0785 0.9969 0.0002
vn -0.8627 0.4981 -0.0876
vn -0.8627 0.4981 -0.0873
vn -0.0007 0.9962 -0.0867
vn 0.0002 0.9962 -0.0872
vn 0.8628 0.4981 -0.0859
vn 0.8626 0.4983 -0.0872
vn 0.8625 0.4985 -0.0872
vn -0.6463 0.0500 0.7614
vn -0.6462 0.0503 0.7615
vn -0.7393 0.0565 -0.6710
vn -0.7396 0.0566 -0.6707
vn -0.7390 0.0565 -0.6713
vn 0.1859 -0.8346 0.5186
vn -0.9619 -0.1624 -0.2199
vn 0.6689 0.7433 -0.0000
vn 0.5567 0.3591 0.7491
vn 0.5563 0.3593 0.7492
vn 0.2236 -0.6696 0.7083
vn -0.6917 -0.1412 0.7082
vn -0.0787 -0.9943 0.0724
vn -0.0781 -0.9943 0.0732
vn -0.0778 -0.9943 0.0726
vn -0.4702 0.8800 -0.0674
vn -0.4697 0.8802 -0.0678
vn -0.8156 -0.2561 0.5189
vn 0.7540 -0.4516 -0.4770
vn 0.7540 -0.4520 -0.4767
vn 0.2069 0.7173 -0.6653
vn 0.2066 0.7176 -0.6651
vn -0.6151 -0.7658 0.1876
vn -0.9704 -0.2064 -0.1257
vn -0.9703 -0.2064 -0.1261
vn -0.3830 -0.6631 -0.6431
vn 0.5348 -0.0699 0.8421
vn 0.5938 0.8035 -0.0427
vn 0.5943 0.8031 -0.0428
vn 0.5875 -0.8092 -0.0000
vn 0.5878 -0.8090 -0.0000
vn 0.7470 -0.5861 0.3137
vn -0.8511 0.4914 0.1849
vn 0.9330 0.2758 0.2310
vn 0.9332 0.2755 0.2308
vn 0.9331 0.2759 0.2308
vn -0.9782 0.2078 -0.0000
vn 0.7046 0.6971 0.1327
vn -0.9861 -0.1570 -0.0552
vn -0.9861 -0.1566 -0.0547
vn -0.9862 -0.1564 -0.0543
vn 0.5224 0.8527 -0.0003
vn 0.5226 0.8526 -0.0000
vn 0.5223 0.8527 -0.0000
vn 0.9896 0.0005 -0.1440
vn 0.9897 0.0003 -0.1435
vn 0.9897 -0.0005 -0.1435
vn 0.8121 0.0925 0.5762
vn 0.8123 0.0923 0.5758
vn 0.8331 0.4810 -0.2730
vn -0.3005 -0.9396 0.1640
vn -0.3004 -0.9397 0.1637
vn -0.5222 -0.3014 0.7978
vn -0.2237 0.6692 0.7086
vn -0.9699 0.2436 -0.0062
vn -0.9699 0.2436 -0.0057
vn -0.4357 0.2515 0.8642
vn 0.7335 0.4713 0.4898
vn 0.2235 0.6700 0.7079
vn -0.7074 -0.7068 -0.0000
vn -0.7068 -0.7074 -0.0002
vn 0.9137 -0.4065 -0.0000
vn 0.1859 0.8342 0.5192
vn 0.6758 0.7281 0.1146
vn 0.8008 -0.5815 -0.1434
vn 0.0001 -0.0000 -1.0000
vn -0.4494 0.8916 0.0566
vn 0.5227 -0.8525 -0.0000
vn 0.5224 -0.8527 -0.0000
vn 0.8092 -0.5876 -0.0000
vn 0.0005 1.0000 -0.0000
vn -0.0002 1.0000 -0.0004
vn 0.0005 1.0000 -0.0001
vn -0.7381 -0.6745 0.0169
vn -0.7383 -0.6743 0.0167
vn 0.9782 0.2079 -0.0001
vn 0.9782 0.2078 -0.0000
vn 0.9781 0.2082 -0.0000
vn 0.9237 -0.3831 0.0007
vn 0.9239 -0.3826 -0.0000
vn 0.9237 -0.3832 -0.0000
vn -0.6920 0.3465 -0.6332
vn -0.6917 0.3463 -0.6337
vn 0.9609 0.2607 -0.0929
vn 0.9608 0.2614 -0.0923
vn 0.9608 0.2612 -0.0926
vn -0.8331 -0.4810 -0.2730
vn -0.7073 0.7069 -0.0000
vn -0.1048 0.9945 -0.0000
vn -0.3817 0.9214 0.0725
vn -0.6494 -0.7604 -0.0000
vn -0.6497 -0.7602 -0.0003
vn 0.9978 -0.0385 0.0538
vn 0.9978 -0.0382 0.0538
vn 0.0001 0.0005 1.0000
vn 0.0005 -0.0004 1.0000
vn -0.0003 0.0002 1.0000
vn 0.9723 -0.2337 -0.0000
vn 0.9723 -0.2337 -0.0005
vn 0.9969 -0.0782 -0.0000
vn 0.9969 -0.0785 -0.0000
vn 0.9969 -0.0781 -0.0006
vn 0.8054 0.5277 0.2700
vn -0.0000 0.1913 0.9815
vn -0.6489 0.7608 -0.0000
vn -0.6497 0.7602 -0.0003
vn -0.6489 0.7608 -0.0001
vn 0.9495 0.3090 0.0546
vn 0.9495 0.3089 0.0555
vn 0.9493 0.3095 0.0554
vn 0.3829 0.9238 -0.0000
vn 0.3825 0.9240 -0.0000
vn 0.3827 0.9239 -0.0002
vn 0.9969 0.0783 0.0003
vn 0.9969 0.0785 -0.0000
vn -0.7071 -0.7071 -0.0000
vn 0.7071 0.7071 -0.0000
vn 0.8618 -0.4984 -0.0944
vn 0.8635 -0.4958 -0.0923
vn 0.8624 -0.4973 -0.0943
vn 0.4590 0.8870 0.0496
vn 0.4595 0.8868 0.0496
vn 0.0268 -0.6034 0.7970
vn 0.0263 -0.6033 0.7971
vn -0.2228 -0.9749 -0.0000
vn -0.2223 -0.9750 -0.0000
vn -0.8027 0.5830 -0.1258
vn -0.7073 0.7070 -0.0000
vn 0.9508 -0.3094 0.0185
vn 0.9508 -0.3092 0.0176
vn -0.0000 0.3528 -0.9357
vn -0.6468 0.3735 0.6649
vn 0.5851 0.4651 -0.6643
vn 0.7357 -0.6639 -0.1344
vn 0.7362 -0.6633 -0.1345
vn 0.1047 -0.9945 -0.0000
vn 0.7074 0.7068 -0.0000
vn 0.7068 0.7074 -0.0002
vn -0.6874 0.3968 -0.6083
vn -0.6872 0.3963 -0.6088
vn -0.6872 0.3967 -0.6086
vn 0.7069 0.7073 -0.0000
vn -0.9971 -0.0559 0.0512
vn -0.9971 -0.0558 0.0523
vn 0.0006 -0.9962 -0.0867
vn -0.0000 -0.9963 -0.0856
vn -0.0002 -0.9962 -0.0873
vn 0.3810 -0.9020 0.2029
vn 0.3810 -0.9019 0.2035
vn 0.3807 -0.9021 0.2033
vn -0.5213 -0.8503 -0.0724
vn -0.5207 -0.8507 -0.0724
vn 0.2069 -0.9446 0.2548
vn 0.2065 -0.9446 0.2550
vn 0.2064 -0.9448 0.2544
vn 0.4629 -0.8480 -0.2582
vn 0.4622 -0.8483 -0.2584
vn -0.6420 -0.7643 0.0608
vn -0.6422 -0.7641 0.0608
vn -0.6424 -0.7640 0.0606
vn -0.4924 -0.8702 -0.0176
vn -0.9699 -0.2436 0.0062
vn 0.6058 -0.3200 -0.7285
vn 0.6055 -0.3205 -0.7284
vn -0.0207 -0.9993 0.0318
vn -0.0203 -0.9993 0.0318
vn -0.0203 -0.9993 0.0314
vn 0.9061 0.2847 -0.3129
vn -0.4106 0.5820 -0.7019
vn -0.4101 0.5819 -0.7023
vn -0.4109 0.5819 -0.7018
vn 0.5083 -0.8610 0.0168
vn -0.4999 -0.8661 -0.0000
vn -0.5226 0.8526 0.0002
vn -0.5223 0.8527 -0.0000
vn 0.6492 0.7606 -0.0000
vn 0.1044 0.9945 -0.0000
vn -0.9969 -0.0783 0.0005
vn -0.9969 -0.0785 -0.0000
vn -0.9969 -0.0782 -0.0000
vn 0.9998 0.0087 -0.0176
vn 0.9998 0.0091 -0.0173
vn -0.7602 -0.6497 -0.0000
vn -0.9509 0.3094 -0.0003
vn -0.9510 0.3091 -0.0000
vn 0.3304 -0.9438 -0.0000
vn 0.3298 -0.9441 -0.0005
vn 0.3298 -0.9441 -0.0006
vn 0.7606 -0.6492 -0.0000
vn 0.7605 -0.6493 0.0005
vn -0.5223 -0.8527 -0.0000
vn -0.5223 -0.8527 -0.0003
vn 0.5223 -0.8527 -0.0000
vn 0.5226 -0.8526 -0.0000
vn -0.8059 0.5905 0.0432
vn -0.8057 0.5907 0.0430
vn 0.3460 0.7967 -0.4955
vn 0.3457 0.7968 -0.4956
vn -0.0440 0.8584 0.5111
vn -0.0443 0.8585 0.5108
vn -0.4527 -0.8716 -0.1880
vn -0.4529 -0.8714 -0.1886
vn 0.5348 0.0699 -0.8421
vn 0.5348 0.0704 -0.8421
vn 0.7606 0.6492 -0.0000
vn -1.0000 -0.0000 -0.0000
vn 0.9749 -0.2228 -0.0000
vn 0.9749 -0.2225 -0.0000
vn 0.9751 -0.2219 -0.0000
vn 0.3830 -0.9237 -0.0000
vn 0.3825 -0.9240 -0.0000
vn 0.3829 -0.9238 0.0003
vn 0.6569 0.5499 0.5158
vn 0.6574 0.5500 0.5152
vn -0.9385 0.1546 -0.3087
vn -0.9385 0.1543 -0.3089
vn -0.6477 -0.7585 -0.0726
vn -0.3417 0.5746 0.7437
vn -0.3414 0.5750 0.7435
vn -0.9077 0.1437 -0.3943
vn -0.7071 0.7071 -0.0000
vn -0.7074 0.7068 -0.0002
vn -0.9510 -0.3091 -0.0000
vn -0.9510 -0.3092 -0.0003
vn 0.8526 -0.5226 -0.0002
vn 0.8526 -0.5226 -0.0000
vn 0.8527 -0.5223 -0.0005
vn 0.4517 -0.8913 -0.0389
vn 0.4514 -0.8915 -0.0393
vn 0.4512 -0.8916 -0.0391
vn 0.4477 0.8861 -0.1200
vn 0.4477 0.8862 -0.1197
vn 0.9937 0.1119 -0.0005
vn -0.9969 0.0782 -0.0000
vn -0.9969 0.0787 -0.0000
vn -0.9969 0.0781 -0.0006
vn 0.0789 0.9969 0.0005
vn 0.0786 0.9969 -0.0000
vn 0.0790 0.9969 -0.0005
vn 0.0682 -0.9861 -0.1516
vn 0.0678 -0.9861 -0.1515
vn -0.8629 0.4980 0.0867
vn -0.8627 0.4981 0.0881
vn -0.8628 0.4981 0.0870
vn 0.1750 0.4530 -0.8742
vn 0.1746 0.4528 -0.8744
vn -0.1119 0.9937 -0.0000
vn -0.1119 0.9937 0.0005
vn -0.0786 0.9969 -0.0000
vn -0.0790 0.9969 -0.0000
vn -0.0786 0.9969 -0.0003
vn -0.9905 0.0581 0.1245
vn 0.9079 0.3576 0.2185
vn 0.9078 0.3579 0.2187
vn 0.9239 0.3826 -0.0000
vn 0.9237 0.3832 -0.0000
vn 0.9237 0.3831 -0.0007
vn 0.3717 -0.6029 0.7060
vn -0.5976 0.7612 -0.2518
vn -0.5972 0.7614 -0.2521
vn -0.7601 0.6498 -0.0000
vn -0.7605 0.6494 -0.0000
vn -0.7602 0.6497 -0.0005
vn 0.7073 -0.7069 -0.0000
vn -0.6757 0.7370 0.0127
vn -0.2807 0.9359 -0.2128
vn 0.4715 -0.6471 0.5992
vn 0.4717 -0.6468 0.5993
vn -0.5173 0.8555 -0.0236
vn -0.5175 0.8553 -0.0234
vn -0.9896 0.0003 0.1439
vn -0.9897 0.0003 0.1435
vn -0.9897 -0.0003 0.1435
vn -0.5878 -0.8090 -0.0000
vn -0.5873 -0.8094 -0.0000
vn -0.9518 0.2695 0.1468
vn -0.8004 0.5819 0.1437
vn -0.8006 0.5818 0.1434
vn -0.8004 0.5820 0.1433
vn 0.8467 -0.5320 -0.0000
vn 0.8469 -0.5318 -0.0002
vn 0.9896 -0.0004 0.1439
vn 0.9897 -0.0000 0.1435
vn 0.9897 0.0003 0.1435
vn -0.0782 -0.9969 -0.0000
vn -0.0786 -0.9969 -0.0003
vn -0.9509 -0.3095 -0.0000
vn -0.8627 -0.4981 0.0876
vn -0.8627 -0.4981 0.0873
vn -0.0007 -0.9962 0.0867
vn 0.0002 -0.9962 0.0872
vn 0.8628 -0.4981 0.0859
vn 0.8627 -0.4982 0.0871
vn 0.8625 -0.4985 0.0871
vn 0.7622 -0.6356 0.1225
vn 0.7620 -0.6358 0.1229
vn 0.7623 -0.6354 0.1228
vn 0.5147 0.8544 -0.0708
vn 0.5147 0.8544 -0.0713
vn 0.5144 0.8545 -0.0715
vn -0.6295 0.5785 -0.5187
vn -0.5320 0.8467 -0.0000
vn -0.5318 0.8469 -0.0000
vn -0.4682 0.5285 -0.7082
vn -0.4682 -0.5284 -0.7082
vn 0.0042 -0.2265 0.9740
vn 0.0046 -0.2264 0.9740
vn -0.6297 -0.5781 -0.5189
vn -0.3931 -0.8638 -0.3150
vn 0.9788 -0.1577 -0.1305
vn 0.9789 -0.1576 -0.1302
vn 0.8157 0.2561 -0.5188
vn -0.8088 -0.5881 0.0002
vn -0.8087 -0.5882 -0.0000
vn -0.8088 -0.4670 0.3574
vn 0.6375 -0.0583 0.7683
vn 0.6375 -0.0586 0.7682
vn 0.7073 -0.7070 -0.0000
vn 0.8792 0.4695 0.0805
vn 0.8795 0.4690 0.0805
vn 0.8793 0.4693 0.0807
vn 0.6917 0.1412 -0.7082
vn 0.6862 0.0040 0.7274
vn 0.6860 0.0038 0.7275
vn -0.6694 0.7429 -0.0000
vn 0.8654 -0.2622 -0.4270
vn 0.8651 -0.2622 -0.4275
vn -0.4248 0.9051 0.0166
vn -0.4252 0.9049 0.0165
vn 0.4682 0.5284 -0.7082
vn -0.0003 0.0001 1.0000
vn -0.0003 -0.0001 1.0000
vn 0.0005 0.0001 1.0000
vn 0.6293 0.5789 -0.5186
vn -0.6757 -0.7370 -0.0127
vn -0.3088 -0.9511 -0.0000
vn 0.6585 0.0365 -0.7517
vn -1.0000 -0.0003 -0.0000
vn 0.4660 0.8845 -0.0217
vn 0.2857 0.6480 0.7060
vn -0.6917 -0.1412 -0.7082
vn -0.0000 -0.9731 0.2302
vn 0.0006 -0.9732 0.2299
vn -0.3695 -0.6522 0.6619
vn -0.3690 -0.6521 0.6623
vn -0.3694 -0.6518 0.6623
vn -0.8910 0.4539 -0.0000
vn 0.6479 0.7583 0.0724
vn 0.6477 0.7584 0.0731
vn 0.6473 0.7587 0.0729
vn 0.5322 0.8466 -0.0000
vn 0.5318 0.8468 -0.0000
vn 0.5322 0.8466 0.0003
vn 0.4977 -0.5919 -0.6340
vn 0.5318 -0.8469 -0.0000
vn 0.5320 -0.8467 -0.0000
vn -0.3333 0.8540 -0.3996
vn -0.3337 0.8539 -0.3993
vn -0.9723 -0.2337 -0.0000
vn -0.9723 -0.2336 0.0006
vn -0.0000 -0.9783 0.2074
vn -0.0004 -0.9783 0.2072
vn -0.0003 -0.9783 0.2073
vn -0.9134 -0.4070 -0.0000
vn -0.9136 -0.4067 -0.0001
vn 0.7821 0.6232 -0.0000
vn 0.7816 0.6238 -0.0002
vn 0.7816 0.6238 -0.0000
vn 0.7424 0.0459 -0.6683
vn 0.7425 0.0462 -0.6682
vn 0.7424 0.0453 -0.6685
vn 0.4152 0.5581 -0.7184
vn 0.4155 0.5583 -0.7181
vn -0.8031 -0.4931 -0.3346
vn -0.8036 -0.4923 -0.3344
vn -0.8038 -0.4923 -0.3341
vn 0.5213 -0.8503 -0.0724
vn 0.5209 -0.8505 -0.0726
vn 0.5207 -0.8507 -0.0724
vn 0.9214 0.3817 0.0725
vn 0.5064 0.8621 0.0191
vn 0.0790 -0.9969 -0.0003
vn 0.0786 -0.9969 -0.0000
vn 0.0791 -0.9969 -0.0005
vn 0.5224 0.8527 -0.0000
vn 0.5227 0.8525 -0.0000
vn 0.9937 -0.1119 -0.0000
vn 0.4999 0.8661 -0.0000
vn -0.7074 -0.7068 0.0005
vn 0.2069 -0.7173 0.6653
vn 0.7819 -0.6235 -0.0000
vn 0.7820 -0.6232 -0.0002
vn -0.9669 -0.1693 -0.1910
vn -0.5322 -0.8466 -0.0000
vn -0.5318 -0.8468 -0.0000
vn -0.5322 -0.8466 0.0003
vn -0.6070 0.7681 -0.2040
vn -0.6064 0.7684 -0.2044
vn 0.8627 0.4982 0.0871
vn 0.8628 0.4981 0.0859
vn 0.8627 0.4981 0.0871
vn -0.6679 0.7340 0.1236
vn -0.6678 0.7341 0.1233
vn -0.6679 0.7340 0.1230
vn -0.8025 -0.5832 -0.1259
vn -0.2223 0.9750 -0.0000
vn -0.2223 0.9750 0.0005
vn 0.8322 0.4826 -0.2730
vn 0.8319 0.4830 -0.2732
vn 0.8321 0.4830 -0.2727
vn 0.4870 -0.8733 0.0158
vn 0.0005 -1.0000 -0.0000
vn -0.0002 -1.0000 0.0004
vn -0.0207 0.9993 0.0318
vn -0.0207 0.9993 0.0311
vn -0.0201 0.9993 0.0315
vn -0.3262 -0.9388 0.1104
vn -0.1119 -0.9937 -0.0000
vn -0.1119 -0.9937 0.0005
vn 0.6359 -0.1812 -0.7502
vn -0.8469 0.5318 -0.0000
vn -0.8469 0.5318 0.0003
vn 0.0776 0.8523 0.5173
vn 0.0772 0.8523 0.5172
vn 0.0776 0.8525 0.5170
vn 0.5227 -0.8525 -0.0001
vn 0.5226 -0.8526 0.0002
vn -0.7845 0.4865 -0.3846
vn -0.7845 0.4859 -0.3852
vn -0.7847 0.4860 -0.3848
vn -0.9937 0.1119 -0.0003
vn -0.9937 0.1119 -0.0000
vn 0.0004 1.0000 -0.0003
vn -0.0003 1.0000 -0.0000
vn -0.5874 0.8093 -0.0000
vn -0.5877 0.8091 0.0005
vn -0.5878 0.8090 -0.0000
vn 0.0006 0.9962 0.0867
vn -0.0000 0.9963 0.0856
vn -0.0002 0.9962 0.0873
vn 0.1045 -0.9945 -0.0004
vn -0.8659 -0.1471 0.4781
vn -0.8656 -0.1471 0.4786
vn -0.8628 -0.4980 -0.0866
vn -0.8626 -0.4981 -0.0882
vn -0.8628 -0.4981 -0.0870
vn -0.0000 0.9985 -0.0547
vn 0.0005 0.9985 -0.0549
vn -0.0001 0.9985 -0.0550
vn -0.7821 -0.6232 -0.0000
vn -0.7816 -0.6238 -0.0002
vn -0.7819 -0.6235 -0.0000
vn -0.6292 -0.7716 -0.0942
vn -0.6287 -0.7719 -0.0946
vn 0.3643 -0.5899 0.7206
vn 0.3645 -0.5897 0.7207
vn 0.3647 -0.5894 0.7208
vn 0.0005 -0.0002 -1.0000
vn -0.0000 0.0003 -1.0000
vn -0.0000 -0.0003 -1.0000
vn -0.0005 -1.0000 -0.0000
vn -0.0203 0.9993 -0.0318
vn -0.0207 0.9993 -0.0318
vn 0.8527 0.5223 -0.0000
vn 0.3302 0.9439 -0.0000
vn 0.7890 0.1340 0.5996
vn 0.7894 0.1343 0.5990
vn -0.8655 -0.4912 -0.0985
vn -0.8655 -0.4911 -0.0988
vn -0.9749 0.2225 -0.0000
vn -0.0002 -0.0005 1.0000
vn -0.0000 -0.0003 1.0000
vn -0.0000 0.0005 1.0000
vn 0.8466 0.5322 -0.0005
vn 0.8468 0.5318 -0.0000
vn 0.8466 0.5322 -0.0000
vn -0.8910 -0.4539 -0.0000
vn 0.1544 0.9775 -0.1439
vn 0.1543 0.9776 -0.1435
vn 0.1552 0.9774 -0.1435
vn -1.0000 -0.0000 -0.0001
vn -0.9510 0.3092 -0.0003
vn -0.9511 0.3087 -0.0000
vn -0.5815 -0.8008 -0.1434
vn -0.5818 -0.8006 -0.1435
vn -0.9698 -0.2327 -0.0725
vn -0.9698 -0.2327 -0.0728
vn -0.9699 -0.2325 -0.0727
vn 0.6359 0.7650 0.1015
vn 0.6360 0.7649 0.1020
vn 0.6367 0.7644 0.1013
vn 0.5226 0.8526 -0.0002
vn 0.5002 -0.8659 -0.0000
vn 0.4999 -0.8661 -0.0000
vn 0.4252 0.7956 -0.4315
vn 0.4257 0.7954 -0.4314
vn 0.4254 0.7957 -0.4311
vn 0.1175 0.9859 -0.1188
vn 0.1179 0.9859 -0.1188
vn 0.3296 0.8822 -0.3364
vn 0.4300 0.8017 -0.4152
vn 0.4294 0.8021 -0.4150
vn 0.4002 0.7837 -0.4750
vn 0.4001 0.7837 -0.4750
vn 0.3994 0.7845 -0.4744
vn 0.2115 0.6727 -0.7091
vn 0.2113 0.6730 -0.7088
vn -0.7609 0.5511 0.3425
vn -0.7612 0.5507 0.3425
vn -0.7611 0.5505 0.3430
vn -0.6955 0.7185 -0.0095
vn -0.6952 0.7187 -0.0097
vn 0.0322 0.9269 -0.3738
vn 0.0324 0.9266 -0.3745
vn -0.5470 0.8370 -0.0116
vn -0.5473 0.8369 -0.0112
vn 0.2720 -0.8448 -0.4608
vn 0.5090 -0.8355 -0.2069
vn 0.5086 -0.8357 -0.2074
vn -0.0946 -0.9927 -0.0743
vn -0.0951 -0.9927 -0.0745
vn -0.0944 -0.9927 -0.0745
vn -0.2976 -0.9373 -0.1815
vn -0.2985 -0.9372 -0.1805
vn -0.2975 -0.9372 -0.1818
vn -0.0125 -0.8553 -0.5180
vn 0.3219 -0.9305 -0.1749
vn -0.3563 -0.9243 -0.1364
vn -0.3562 -0.9243 -0.1367
vn 0.5337 -0.8237 -0.1916
vn 0.5335 -0.8238 -0.1918
vn 0.9996 0.0297 -0.0000
vn 0.9926 0.0237 0.1190
vn 0.7959 0.5092 0.3275
vn 0.9944 0.0251 0.1023
vn 0.9963 0.0276 0.0812
vn 0.9985 -0.0333 -0.0425
vn 0.8737 0.4771 0.0953
vn 0.9998 0.0220 0.0029
vn 0.9998 0.0216 0.0028
vn 0.9979 0.0392 0.0510
vn 0.9978 0.0593 0.0292
vn 0.9969 0.0647 0.0447
vn -0.3759 0.8791 0.2932
vn -0.3765 0.8788 0.2931
vn -0.3762 0.8789 0.2932
vn -0.4170 0.5168 0.7477
vn -0.4168 0.5167 0.7479
vn -0.1249 0.7774 0.6164
vn -0.1251 0.7776 0.6162
vn -0.1245 0.7776 0.6164
vn -0.2941 0.9139 0.2797
vn -0.2939 0.9141 0.2795
vn 0.0910 0.8646 0.4941
vn 0.0913 0.8647 0.4939
vn -0.5155 0.8457 -0.1382
vn -0.5148 0.8460 -0.1384
vn -0.5152 0.8458 -0.1384
vn -0.2542 0.9470 -0.1965
vn -0.2540 0.9471 -0.1964
vn -0.2542 0.9470 -0.1963
vn 0.4611 0.8870 -0.0251
vn 0.4607 0.8872 -0.0247
vn 0.4608 0.8872 -0.0250
vn -0.7372 0.6663 -0.1119
vn -0.7376 0.6659 -0.1119
vn -0.7373 0.6662 -0.1120
vn -0.5750 0.7347 -0.3600
vn -0.5758 0.7342 -0.3597
vn -0.5754 0.7345 -0.3598
vn -0.4300 0.8017 -0.4151
vn -0.3873 0.9029 -0.1867
vn -0.3876 0.9027 -0.1867
vn -0.4303 0.8015 -0.4153
vn 0.0814 0.9880 -0.1311
vn 0.0811 0.9880 -0.1314
vn 0.0818 0.9880 -0.1311
vn -0.5144 -0.8576 -0.0000
vn -0.5147 -0.8574 -0.0000
vn -0.5131 -0.8579 -0.0281
vn -0.5132 -0.8578 -0.0284
vn -0.5390 -0.8423 -0.0101
vn -0.5961 -0.7991 -0.0775
vn -0.5960 -0.7992 -0.0778
vn -0.0002 -0.0000 1.0000
vn -0.9010 -0.4339 0.0003
vn -0.9011 -0.4336 -0.0000
vn -0.9010 -0.4339 -0.0000
vn -0.9012 -0.4334 -0.0000
vn -0.9008 -0.4342 -0.0000
vn -0.9118 0.3155 -0.2628
vn -0.6995 0.6991 -0.1484
vn -0.7208 0.2967 -0.6264
vn -0.6292 0.7716 -0.0942
vn -0.6491 0.7607 0.0004
vn -0.6497 0.7602 -0.0000
vn -0.6494 0.7604 -0.0000
vn -0.8088 0.5881 -0.0000
vn -0.8089 0.5879 -0.0005
vn -0.0000 0.0005 -1.0000
vn 0.0005 -0.0004 -1.0000
vn 0.0006 0.0003 -1.0000
vn 0.9652 -0.2380 0.1087
vn 0.9649 -0.2387 0.1092
vn 0.9439 -0.3303 -0.0030
vn 0.9440 -0.3300 -0.0030
vn 0.9439 -0.3303 -0.0027
vn 0.8745 -0.4850 0.0009
vn 0.8744 -0.4852 0.0003
vn 0.9208 -0.2058 0.3313
vn 0.9208 -0.2052 0.3316
vn 0.9210 -0.2057 0.3309
vn -0.3287 -0.9444 0.0100
vn -0.1119 -0.9932 0.0326
vn 0.2247 -0.9720 -0.0687
vn 0.2252 -0.9720 -0.0678
vn 0.2404 -0.9488 -0.2048
vn -0.2434 -0.9663 -0.0837
vn -0.2439 -0.9662 -0.0834
vn -0.1710 -0.9704 -0.1704
vn -0.1709 -0.9705 -0.1698
vn 0.3047 -0.4694 -0.8288
vn 0.8909 0.4541 -0.0006
vn 0.8909 0.4542 -0.0000
vn 0.8911 0.4539 -0.0000
vn 0.9664 0.2327 -0.1093
vn 0.9665 0.2323 -0.1087
vn 0.9666 0.2321 -0.1083
vn 0.8900 0.4527 0.0548
vn 0.8894 0.4538 0.0548
vn 0.8898 0.4531 0.0552
vn 0.9969 -0.0786 -0.0000
vn 0.9969 -0.0782 -0.0003
vn 0.9962 0.0782 -0.0374
vn 0.9962 0.0786 -0.0369
vn 0.9962 0.0783 -0.0374
vn 0.9716 0.2336 0.0369
vn 0.9716 0.2338 0.0365
vn 0.9717 0.2334 0.0365
vn 0.9969 -0.0785 -0.0003
vn 0.9969 -0.0781 -0.0000
vn 0.5681 -0.8226 -0.0252
vn 0.6013 -0.7990 0.0055
vn 0.6012 -0.7991 0.0050
vn 0.6010 -0.7993 0.0053
vn 0.6306 -0.4375 -0.6410
vn 0.6303 -0.4379 -0.6410
vn 0.6232 -0.7636 -0.1687
vn 0.6228 -0.7641 -0.1681
vn -0.0001 -0.0000 1.0000
vn 0.0654 0.9742 -0.2158
vn 0.0659 0.9742 -0.2159
vn -0.0000 0.8970 -0.4421
vn -0.0659 0.9742 -0.2159
vn -0.0655 0.9742 -0.2160
vn 0.1211 0.9926 0.0123
vn 0.1213 0.9925 0.0118
vn -0.0004 0.9783 -0.2072
vn -0.0000 0.9783 -0.2074
vn -0.3067 0.9513 0.0310
vn -0.0003 0.9783 -0.2070
vn -0.1708 0.9169 0.3607
vn -0.1704 0.9169 0.3610
vn 0.9997 -0.0215 -0.0070
vn 0.9997 -0.0220 -0.0072
vn 0.9997 -0.0213 -0.0071
vn 1.0000 -0.0072 -0.0000
vn 1.0000 -0.0076 -0.0000
vn 0.9997 -0.0060 -0.0234
vn 0.9997 -0.0063 -0.0235
vn 0.9996 -0.0261 -0.0076
vn 0.9996 -0.0258 -0.0072
vn 0.9996 -0.0255 -0.0079
vn 0.9999 -0.0097 -0.0119
vn 0.9999 -0.0098 -0.0122
vn -0.9969 -0.0787 -0.0002
vn -0.9969 -0.0789 -0.0005
vn -0.9969 -0.0786 -0.0000
vn -0.9969 -0.0790 0.0005
vn -0.9969 0.0790 -0.0005
vn -0.9969 0.0789 0.0005
vn -0.9969 0.0788 0.0002
vn -0.9969 0.0786 -0.0000
vn -0.9969 0.0790 -0.0000
vn -0.9240 0.3823 0.0006
vn -0.9238 0.3828 -0.0000
vn -0.9241 0.3822 -0.0000
vn -0.9723 0.2338 0.0003
vn -0.9239 0.3827 -0.0001
vn -0.9239 0.3827 -0.0000
vn -0.9882 -0.1475 -0.0419
vn -0.9881 -0.1477 -0.0422
vn -0.9979 0.0648 -0.0006
vn -0.7075 0.7067 -0.0000
vn -0.1567 -0.9876 -0.0000
vn -0.1564 -0.9877 -0.0000
vn -0.1562 -0.9877 0.0002
vn -0.0001 0.0003 -1.0000
vn -0.0001 0.0006 -1.0000
vn -0.1570 -0.9876 -0.0000
vn -0.1566 -0.9877 -0.0002
vn -0.1561 -0.9877 -0.0000
vn -0.1564 0.9877 -0.0000
vn -0.1567 0.9876 -0.0000
vn -0.1561 0.9877 -0.0000
vn 0.0783 0.9969 0.0003
vn 0.0782 0.9969 -0.0000
vn 0.0783 0.9969 0.0005
vn -0.0004 0.0003 1.0000
vn -0.3739 0.9031 0.2114
vn -0.3736 0.9031 0.2116
vn 0.7941 -0.5286 -0.3001
vn 0.7405 -0.4276 -0.5185
vn -0.2890 -0.9411 -0.1754
vn 0.8982 -0.4394 0.0155
vn 0.9357 -0.3521 0.0209
vn 0.8666 -0.4270 -0.2582
vn 0.7482 -0.5988 -0.2858
vn 0.7801 -0.4504 0.4344
vn 0.2333 -0.9724 -0.0000
vn 0.2329 -0.9725 -0.0000
vn 0.2332 -0.9724 0.0002
vn 0.0785 -0.9969 -0.0000
vn 0.0789 -0.9969 0.0003
vn 0.0790 -0.9969 -0.0000
vn 0.0789 -0.9969 -0.0005
vn 0.0790 -0.9969 0.0003
vn -0.2329 -0.9725 -0.0000
vn -0.2333 -0.9724 -0.0000
vn -0.2330 -0.9725 0.0003
vn -0.0790 -0.9969 -0.0005
vn -0.0790 -0.9969 0.0003
vn -0.2327 -0.9725 0.0003
vn 0.8354 0.0391 0.5482
vn 0.8354 0.0383 0.5483
vn 0.7516 0.0803 0.6548
vn 0.7513 0.0806 0.6550
vn 0.8966 -0.1166 0.4272
vn 0.8968 -0.1172 0.4266
vn 0.5568 0.8303 0.0226
vn 0.5563 0.8307 0.0224
vn 0.5567 0.8304 0.0218
vn 0.3414 -0.6423 -0.6862
vn 0.3417 -0.6422 -0.6861
vn 0.2119 -0.8421 -0.4959
vn 0.0005 -0.7216 -0.6923
vn -0.0000 -0.7219 -0.6920
vn -0.4700 -0.7328 -0.4920
vn -0.4702 -0.7324 -0.4924
vn 0.0607 -0.6375 -0.7681
vn 0.8983 -0.3077 -0.3137
vn 0.8980 -0.3082 -0.3140
vn -0.9439 0.3303 -0.0000
vn -0.9440 0.3300 0.0005
vn -0.9440 0.3299 -0.0003
vn -0.9438 0.3304 -0.0000
vn -0.9440 0.3299 -0.0000
vn -0.9440 -0.3300 0.0005
vn -0.9439 -0.3303 -0.0000
vn -0.9440 -0.3300 -0.0000
vn -0.9438 -0.3304 -0.0000
vn -0.9440 -0.3299 -0.0000
vn 0.9971 -0.0753 0.0089
vn 0.9972 -0.0748 0.0089
vn 0.9978 -0.0646 0.0143
vn 0.7910 -0.5390 0.2894
vn 0.9989 -0.0297 0.0358
vn 0.7908 -0.5393 0.2895
vn 0.9859 -0.1259 0.1103
vn 0.9988 -0.0435 0.0233
vn 0.5713 -0.8203 -0.0265
vn 0.9357 -0.3521 -0.0209
vn 0.8766 -0.4300 0.2159
vn 0.8765 -0.4303 0.2160
vn 0.7613 -0.4749 0.4414
vn 0.5719 -0.5332 -0.6234
vn 0.5717 -0.5334 -0.6234
vn 0.7895 -0.5663 0.2365
vn 0.7895 -0.5665 0.2362
vn 0.5851 -0.4651 -0.6643
vn 0.8472 -0.4891 0.2074
vn 0.8470 -0.4894 0.2074
vn 0.9010 0.4339 -0.0000
vn -0.5966 -0.3803 -0.7067
vn -0.5961 -0.3814 -0.7066
vn -0.6182 -0.2777 -0.7354
vn -0.6169 -0.2824 -0.7346
vn -0.3427 -0.8102 -0.4756
vn -0.3421 -0.8109 -0.4749
vn -0.9935 -0.1094 -0.0319
vn -0.7023 -0.4566 -0.5462
vn -0.7022 -0.4569 -0.5461
vn -0.9884 -0.1425 -0.0530
vn -0.9883 -0.1429 -0.0529
vn -1.0000 0.0023 0.0008
vn -0.9958 -0.0557 -0.0730
vn -0.9958 -0.0558 -0.0726
vn -0.7438 -0.4276 -0.5138
vn -0.7435 -0.4280 -0.5138
vn -0.7433 -0.4282 -0.5140
vn -0.9969 -0.0296 -0.0730
vn -0.9971 -0.0290 -0.0707
vn -0.9969 -0.0301 -0.0730
vn -0.5875 0.8092 0.0005
vn -0.5873 0.8094 -0.0000
vn -0.5877 0.8091 0.0004
vn -0.8528 0.5223 -0.0000
vn -0.8522 0.5232 -0.0004
vn 0.9622 0.0029 -0.2723
vn 0.9622 0.0024 -0.2722
vn 0.9622 0.0027 -0.2724
vn 0.9614 -0.2572 -0.0977
vn 0.9613 -0.2578 -0.0977
vn 0.8949 0.0163 -0.4460
vn 0.8949 0.0157 -0.4461
vn 0.4906 -0.8714 0.0055
vn 0.3369 -0.9395 -0.0615
vn 0.3376 -0.9393 -0.0612
vn 0.3372 -0.9394 -0.0616
vn 0.7899 0.0737 -0.6088
vn 0.7901 0.0739 -0.6085
vn -0.2679 -0.9279 0.2593
vn -0.2674 -0.9280 0.2596
vn 0.0955 -0.9954 -0.0010
vn -0.2290 -0.9734 -0.0120
vn 0.0089 -0.9999 0.0133
vn -0.7655 0.1170 -0.6327
vn -0.7655 0.1169 -0.6327
vn -0.7654 0.1174 -0.6328
vn -0.9391 0.0224 -0.3429
vn -0.9103 0.3835 -0.1558
vn -0.9104 0.3834 -0.1553
vn -0.6755 0.6346 -0.3754
vn -0.6759 0.6343 -0.3754
vn -0.6310 0.6101 -0.4791
vn -0.6314 0.6098 -0.4791
vn -0.6132 0.5337 -0.5824
vn -0.6134 0.5333 -0.5825
vn -0.6524 0.3766 -0.6577
vn -0.8839 -0.4011 -0.2403
vn -0.8837 -0.4015 -0.2405
vn -0.6523 0.3766 -0.6577
vn -0.6524 0.3762 -0.6579
vn -0.2302 -0.9361 0.2658
vn -0.2305 -0.9362 0.2654
vn -0.8497 -0.4514 -0.2724
vn -0.8496 -0.4515 -0.2728
vn -0.8180 0.4723 -0.3284
vn -0.8178 0.4724 -0.3288
vn -0.5392 -0.8421 0.0121
vn -0.5389 -0.8423 0.0122
vn -0.8660 0.1472 0.4779
vn -0.8657 0.1470 0.4784
vn -0.8659 0.1471 0.4781
vn -0.5126 -0.8586 -0.0015
vn -0.5145 -0.8575 -0.0003
vn -0.5105 -0.8572 0.0680
vn -0.5104 -0.8573 0.0677
vn -0.5274 -0.8491 0.0318
vn -0.5271 -0.8492 0.0318
vn -0.5178 -0.8547 0.0375
vn -0.5176 -0.8548 0.0378
vn -0.5119 -0.8573 0.0547
vn -0.5118 -0.8574 0.0543
vn -0.5163 -0.8555 0.0390
vn -0.5162 -0.8556 0.0393
vn 0.0001 -0.0000 1.0000
vn 0.3826 0.9239 -0.0000
vn 0.3831 0.9237 0.0007
vn 0.3827 0.9239 0.0004
vn 0.3832 0.9237 -0.0000
vn 0.7602 0.6497 -0.0000
vn 0.7604 0.6495 -0.0000
vn 0.5879 0.8090 0.0007
vn -0.3830 0.9237 -0.0000
vn -0.3826 0.9239 0.0003
vn -0.3829 0.9238 0.0003
vn -0.3828 0.9238 -0.0000
vn -0.3825 0.9240 -0.0000
vn -0.2335 0.9723 -0.0000
vn -0.2335 0.9724 0.0006
vn -0.2335 0.9723 0.0003
vn -0.0782 0.9969 -0.0000
vn -0.0783 0.9969 0.0003
vn 0.0785 0.9969 -0.0000
vn 0.0780 0.9970 0.0003
vn -0.8628 0.4981 -0.0870
vn -0.8626 0.4984 -0.0869
vn -0.0002 0.9962 -0.0873
vn 0.0010 0.9963 -0.0861
vn -0.0001 0.9962 -0.0872
vn 0.8628 0.4980 -0.0870
vn 0.8622 0.4990 -0.0873
vn 0.8622 0.4991 -0.0870
vn -0.5824 0.2663 0.7681
vn -0.5825 0.2659 0.7682
vn -0.6312 0.3684 0.6826
vn -0.6312 0.3687 0.6824
vn 0.6117 -0.3547 0.7071
vn 0.6119 -0.3545 0.7070
vn -0.3356 0.5290 0.7794
vn -0.3354 0.5288 0.7796
vn 0.2965 -0.1712 -0.9396
vn 0.2962 -0.1712 -0.9397
vn 0.1499 -0.0865 -0.9849
vn -0.0000 0.1731 -0.9849
vn 0.2976 -0.0840 -0.9510
vn 0.1134 0.3605 -0.9259
vn -0.2068 -0.8633 -0.4603
vn -0.2029 -0.8596 -0.4690
vn -0.2025 -0.8598 -0.4688
vn 0.7423 0.4285 -0.5152
vn -0.0385 0.5196 -0.8535
vn -0.0381 0.5198 -0.8534
vn 0.0610 0.4800 -0.8751
vn 0.0613 0.4804 -0.8749
vn 0.0607 0.4806 -0.8749
vn 0.0469 0.4579 -0.8878
vn 0.0471 0.4576 -0.8879
vn 0.0466 0.4577 -0.8879
vn -0.1493 0.2248 -0.9629
vn -0.1497 0.2251 -0.9628
vn -0.1474 -0.8064 -0.5727
vn -0.1475 -0.8067 -0.5723
vn -0.1480 -0.8065 -0.5724
vn -0.4471 -0.8746 -0.1878
vn -0.4450 -0.8763 -0.1846
vn -0.4467 -0.8748 -0.1877
vn -0.0237 -0.6393 -0.7686
vn -0.0231 -0.6396 -0.7684
vn 0.0310 0.4372 -0.8988
vn 0.0316 0.4366 -0.8991
vn 0.0359 0.4398 -0.8974
vn -0.9807 0.0532 -0.1882
vn -0.9807 0.0507 -0.1889
vn -0.9808 0.0506 -0.1886
vn -0.0587 0.3621 -0.9303
vn -0.0626 0.3648 -0.9290
vn -0.0607 0.3618 -0.9303
vn 0.1325 -0.2592 -0.9567
vn 0.1326 -0.2597 -0.9565
vn 0.2965 0.1712 -0.9396
vn 0.2945 0.1683 -0.9407
vn 0.1496 -0.1042 -0.9832
vn 0.1501 -0.1043 -0.9832
vn -0.3632 0.2315 -0.9025
vn -0.3638 0.2292 -0.9028
vn -0.3630 0.2314 -0.9026
vn 0.2962 0.1713 -0.9396
vn -0.5816 0.1402 -0.8013
vn -0.5816 0.1395 -0.8014
vn -0.5814 0.1395 -0.8016
vn 0.1498 0.0869 -0.9849
vn 0.1499 0.0865 -0.9849
vn -0.9609 -0.2768 -0.0022
vn -0.8660 -0.5000 -0.0032
vn -0.8659 -0.5003 -0.0031
vn -0.9518 -0.1552 -0.2644
vn 0.5967 0.3339 0.7297
vn 0.5967 0.3335 0.7299
vn 0.5205 0.6257 0.5811
vn 0.5208 0.6257 0.5807
vn 0.5208 0.6253 0.5812
vn 0.8051 -0.1662 0.5694
vn 0.8050 -0.1666 0.5694
vn 0.8253 0.4723 -0.3095
vn 0.8252 0.4727 -0.3092
vn 0.6363 0.1973 0.7458
vn 0.6360 0.1974 0.7460
vn 0.0003 -1.0000 -0.0000
vn -0.0007 -1.0000 -0.0000
vn -0.0005 -1.0000 -0.0005
vn -0.0007 0.0001 1.0000
vn -0.0003 -0.0000 1.0000
vn -0.0006 0.0006 1.0000
vn 0.2336 -0.9723 -0.0000
vn 0.2328 -0.9725 0.0003
vn -0.4599 0.8878 -0.0177
vn -0.4747 0.8802 -0.0000
vn -0.4741 0.8805 -0.0000
vn -0.4763 0.8712 -0.1189
vn -0.4757 0.8715 -0.1189
vn -0.2744 0.9516 -0.1384
vn -0.2741 0.9518 -0.1378
vn -0.4555 0.8883 -0.0591
vn -0.4556 0.8883 -0.0585
vn -0.4755 0.8761 -0.0789
vn -0.4750 0.8764 -0.0791
vn -0.4667 0.8821 -0.0638
vn -0.4671 0.8819 -0.0633
vn 0.9013 -0.4117 -0.1350
vn 0.7289 -0.4695 -0.4983
vn 0.7293 -0.4694 -0.4978
vn 0.7286 -0.4695 -0.4987
vn 0.9488 -0.2089 -0.2369
vn 0.9488 -0.2086 -0.2373
vn 0.8975 -0.4192 -0.1367
vn -0.0345 0.7512 -0.6591
vn -0.0344 0.7515 -0.6588
vn -0.0700 0.8942 -0.4422
vn 0.0700 0.8942 -0.4422
vn -0.2802 0.6845 -0.6730
vn -0.2799 0.6848 -0.6728
vn 0.2590 0.7123 -0.6524
vn -0.0003 0.7372 -0.6757
vn -0.0000 0.7374 -0.6754
vn 0.0607 0.5159 -0.8545
vn 0.0609 0.5162 -0.8543
vn -0.6009 -0.7774 0.1863
vn -0.6010 -0.7772 0.1864
vn -0.6868 -0.7264 0.0240
vn -0.8660 -0.5000 0.0020
vn -0.8658 -0.5004 0.0020
vn -0.5299 -0.7114 0.4617
vn -0.5297 -0.7114 0.4619
vn -0.9782 0.2078 0.0001
vn -0.9782 0.2075 -0.0000
vn -0.0418 -0.3815 -0.9234
vn 0.0554 -0.3597 -0.9314
vn 0.0733 -0.3080 -0.9485
vn 0.0736 -0.3078 -0.9486
vn 0.0694 -0.7780 -0.6244
vn 0.0695 -0.7780 -0.6244
vn 0.0697 -0.7781 -0.6242
vn 0.3777 -0.3916 -0.8390
vn 0.3777 -0.3913 -0.8392
vn 0.3780 -0.3917 -0.8389
vn -0.0332 -0.7516 -0.6588
vn 0.1170 -0.4332 -0.8937
vn 0.1173 -0.4332 -0.8936
vn -0.0000 -0.9470 -0.3213
vn -0.5511 -0.6143 -0.5648
vn -0.5512 -0.6140 -0.5649
vn -0.0711 -0.9575 -0.2797
vn -0.0713 -0.9575 -0.2794
vn -0.2149 -0.7101 -0.6705
vn 0.9965 -0.0000 0.0837
vn 0.9965 -0.0003 0.0837
vn 0.9877 0.1510 0.0403
vn 0.9877 0.1512 0.0406
vn 0.9622 -0.0024 -0.2722
vn 0.9621 -0.0037 -0.2726
vn 0.9622 -0.0033 -0.2723
vn 0.8966 -0.1166 -0.4272
vn 0.7672 0.1838 -0.6145
vn 0.8960 0.2403 -0.3734
vn 0.8961 0.2398 -0.3736
vn 0.8960 0.2397 -0.3738
vn -0.1998 0.9755 0.0917
vn -0.1996 0.9755 0.0921
vn -0.2004 0.9754 0.0918
vn 0.6868 0.7092 -0.1592
vn 0.3826 -0.9239 -0.0000
vn 0.3831 -0.9237 -0.0007
vn 0.3827 -0.9239 -0.0004
vn 0.3832 -0.9237 -0.0003
vn 0.7602 -0.6497 -0.0000
vn 0.7604 -0.6495 -0.0000
vn 0.5879 -0.8090 -0.0007
vn 0.5877 -0.8091 -0.0003
vn 0.8263 0.0129 0.5631
vn 0.8266 0.0125 0.5627
vn 0.9622 0.0026 0.2722
vn 0.9621 0.0037 0.2726
vn 0.9622 0.0033 0.2723
vn 0.9299 0.1335 0.3427
vn 0.4903 -0.8716 -0.0060
vn 0.6210 -0.7697 0.1480
vn 0.6208 -0.7700 0.1474
vn -0.8107 0.5441 0.2159
vn -0.6705 0.7413 0.0297
vn -0.6703 0.7415 0.0298
vn -0.6709 0.7409 0.0300
vn -0.8677 0.4968 0.0168
vn -0.3223 0.4983 0.8048
vn -0.3228 0.4983 0.8047
vn 0.0251 0.9749 0.2213
vn -0.8253 0.3961 0.4026
vn -0.8511 0.4913 0.1849
vn -0.3194 0.1181 -0.9402
vn -0.9300 0.3004 0.2118
vn 0.9750 0.2223 0.0052
vn 0.9749 0.2225 0.0050
vn 0.9909 0.1343 0.0032
vn 0.9683 0.2162 0.1255
vn 0.9682 0.2164 0.1253
vn 0.7508 0.3918 0.5317
vn 0.7508 0.3917 0.5319
vn 0.7506 0.3920 0.5319
vn 0.4035 0.9090 -0.1043
vn 0.7311 0.6822 -0.0113
vn 0.3755 0.8861 -0.2715
vn -0.9876 -0.1568 -0.0001
vn -0.9876 -0.1570 0.0001
vn -0.9876 -0.1570 -0.0000
vn -0.9240 -0.3823 -0.0007
vn -0.9239 -0.3827 -0.0000
vn -0.9241 -0.3822 -0.0000
vn 0.0005 0.0003 -1.0000
vn -0.0001 0.0005 -1.0000
vn -0.9743 0.0767 -0.2119
vn -0.9743 0.0768 -0.2117
vn -0.9742 0.0767 -0.2124
vn 0.2337 0.9723 -0.0000
vn 0.2337 0.9723 -0.0005
vn 0.3830 0.9237 -0.0000
vn 0.3829 0.9238 -0.0003
vn 0.3826 0.9239 -0.0006
vn 0.3825 0.9240 -0.0003
vn 0.6493 0.7606 -0.0000
vn 0.6492 0.7606 -0.0003
vn 0.5223 0.8527 -0.0006
vn 0.9877 0.1561 0.0004
vn 0.9877 0.1564 -0.0000
vn 0.9876 0.1570 -0.0000
vn 0.9510 0.3092 -0.0006
vn 0.9511 0.3089 -0.0000
vn 0.9511 0.3088 0.0003
vn 0.0002 0.0003 -1.0000
vn -0.0002 -0.0002 -1.0000
vn 0.0002 -0.0005 -1.0000
vn 0.3707 -0.7603 0.5334
vn 0.4300 -0.8017 0.4152
vn 0.4301 -0.8019 0.4147
vn 0.5246 -0.7062 0.4754
vn 0.5245 -0.7062 0.4756
vn 0.5240 -0.7064 0.4758
vn 0.6054 -0.5953 0.5283
vn 0.6057 -0.5946 0.5287
vn 0.6056 -0.5949 0.5286
vn 0.6076 -0.3138 0.7296
vn 0.6076 -0.3135 0.7297
vn 0.8254 -0.4724 -0.3091
vn -0.0017 -0.9301 0.3673
vn -0.0020 -0.9299 0.3678
vn 0.4988 -0.3274 0.8025
vn -0.3420 -0.8782 0.3345
vn -0.3422 -0.8779 0.3349
vn 0.1370 -0.8851 0.4447
vn 0.1369 -0.8849 0.4452
vn 0.1375 -0.8850 0.4449
vn 0.7941 0.5286 -0.3001
vn 0.8982 0.4394 0.0155
vn 0.9357 0.3521 0.0209
vn 0.8666 0.4270 -0.2582
vn 0.7405 0.4276 -0.5185
vn -0.2890 0.9411 -0.1754
vn 0.7801 0.4504 0.4344
vn 0.7408 0.6324 -0.2266
vn -0.1622 -0.9657 0.2026
vn 0.1179 -0.9859 0.1188
vn 0.1180 -0.9859 0.1185
vn 0.3298 -0.8820 0.3366
vn 0.3296 -0.8822 0.3364
vn 0.2116 -0.6727 0.7091
vn 0.2120 -0.6723 0.7093
vn -0.2505 -0.9481 0.1960
vn -0.2504 -0.9482 0.1957
vn -0.4049 -0.9124 0.0594
vn -0.4052 -0.9123 0.0595
vn 0.0808 -0.7672 0.6363
vn 0.0813 -0.7670 0.6364
vn -0.2984 -0.9400 0.1655
vn -0.2986 -0.9399 0.1657
vn -0.5275 -0.3046 0.7931
vn -0.6533 -0.0297 0.7565
vn -0.6536 -0.0294 0.7563
vn 0.6119 0.3545 0.7071
vn 0.6117 0.3546 0.7072
vn -0.6331 -0.3655 0.6823
vn -0.6334 -0.3656 0.6821
vn -0.3718 -0.4563 0.8084
vn -0.6332 -0.3655 0.6823
vn -0.6335 -0.3652 0.6822
vn -0.6467 -0.0505 0.7611
vn -0.9683 0.2498 0.0013
vn -0.9551 0.2091 -0.2101
vn -0.9550 0.2095 -0.2098
vn -0.9013 0.4332 0.0001
vn -0.9011 0.4336 0.0001
vn -0.5430 0.8397 -0.0066
vn -0.8559 0.4942 -0.1521
vn -0.6411 0.7088 -0.2943
vn -0.8677 0.4968 -0.0168
vn -0.8560 0.4942 -0.1521
vn -0.2142 0.0556 0.9752
vn 0.8098 0.5532 0.1953
vn 0.8095 0.5537 0.1955
vn 0.4187 0.7909 0.4463
vn 0.4179 0.7911 0.4467
vn 0.3653 0.7642 0.5316
vn 0.3666 0.7635 0.5317
vn 0.3660 0.7637 0.5318
vn 0.5623 0.6492 0.5122
vn 0.5625 0.6490 0.5123
vn 0.7953 0.3806 0.4719
vn 0.7950 0.3806 0.4723
vn 0.8271 0.5247 0.2016
vn 0.1049 0.9429 0.3163
vn 0.1040 0.9429 0.3165
vn 0.3283 0.9266 0.1837
vn -0.7074 -0.7068 0.0002
vn -0.7068 -0.7074 -0.0000
vn 0.5380 0.8371 0.0994
vn 0.5375 0.8373 0.0997
vn 0.4143 0.8652 0.2823
vn 0.0974 0.9333 0.3457
vn 0.7001 0.7002 0.1398
vn 0.5971 0.7842 0.1690
vn 0.9950 0.0939 0.0348
vn 0.8910 -0.4539 -0.0000
vn 0.9510 -0.3091 -0.0000
vn 0.9509 -0.3095 -0.0001
vn -0.0227 0.9648 0.2619
vn -0.4808 0.8768 0.0064
vn -0.5000 0.8660 -0.0000
vn 0.1567 0.9287 0.3361
vn -0.4730 0.8785 0.0665
vn 0.0003 0.0003 -1.0000
vn 0.0002 1.0000 0.0004
vn 0.0003 1.0000 -0.0000
vn -0.0005 1.0000 -0.0000
vn -0.7798 0.4946 0.3838
vn -0.7799 0.4944 0.3839
vn -0.7798 0.4944 0.3840
vn -0.7378 0.1810 0.6503
vn -0.7376 0.1822 0.6502
vn -0.7377 0.1814 0.6503
vn -0.7568 0.5575 0.3413
vn -0.7567 0.5577 0.3411
vn 0.9782 0.2079 0.0001
vn 0.9781 0.2080 -0.0003
vn 0.8526 -0.5225 -0.0000
vn 0.8530 -0.5219 -0.0010
vn 0.8527 -0.5224 -0.0006
vn 0.8531 -0.5218 0.0007
vn 0.9723 -0.2339 0.0007
vn 0.9239 -0.3825 -0.0000
vn 0.9237 -0.3831 -0.0009
vn 0.9239 -0.3827 0.0004
vn 0.9723 -0.2337 0.0008
vn -0.2100 0.7923 -0.5729
vn -0.3113 0.8716 -0.3787
vn -0.3064 0.7136 -0.6299
vn 0.0707 0.8800 -0.4697
vn -0.1359 0.8929 -0.4293
vn -0.1364 0.8927 -0.4295
vn -0.2519 0.8926 -0.3738
vn -0.2522 0.8927 -0.3734
vn -0.5687 -0.8087 -0.1502
vn 0.9478 0.2336 -0.2169
vn 0.9475 0.2344 -0.2173
vn 0.9439 0.3303 0.0030
vn 0.9439 0.3303 0.0027
vn 0.8745 0.4850 -0.0009
vn 0.8740 0.4859 -0.0014
vn -0.5184 -0.8551 -0.0024
vn -0.7539 -0.6545 -0.0575
vn -0.8483 -0.4212 -0.3208
vn -0.2272 -0.0967 0.9690
vn -0.6793 -0.7197 0.1436
vn -0.8167 -0.5048 -0.2796
vn -0.6570 0.7343 -0.1707
vn -0.3208 -0.1852 0.9289
vn -0.4539 0.8910 -0.0000
vn -0.6493 0.7606 -0.0000
vn -0.6498 -0.7601 -0.0000
vn -0.6489 -0.7609 -0.0000
vn 0.5753 0.7690 -0.2788
vn 0.5756 0.7688 -0.2787
vn 0.5942 0.6849 -0.4217
vn 0.4087 0.8950 -0.1787
vn 0.4084 0.8952 -0.1787
vn 0.4084 0.8952 -0.1786
vn -0.9969 0.0789 0.0001
vn -0.9969 0.0785 -0.0000
vn -0.9969 0.0783 -0.0005
vn -0.9240 0.3823 -0.0005
vn 0.0002 0.0004 1.0000
vn 0.0006 0.0003 1.0000
vn -0.0003 -0.0004 1.0000
vn 0.0002 0.0003 1.0000
vn -0.0000 0.0002 1.0000
vn -0.9862 0.1564 -0.0549
vn -0.9861 0.1564 -0.0553
vn -0.9861 0.1566 -0.0548
vn 0.9969 0.0781 -0.0000
vn 0.9969 0.0782 0.0005
vn 0.9969 0.0786 -0.0000
vn 0.9969 0.0782 -0.0005
vn 0.9969 -0.0786 -0.0003
vn 0.9969 -0.0787 -0.0000
vn 0.8910 -0.4540 0.0004
vn 0.8909 -0.4541 -0.0000
vn 0.8911 -0.4538 -0.0000
vn 0.8909 -0.4543 -0.0001
vn 0.8909 -0.4543 -0.0000
vn 0.9969 0.0784 0.0002
vn 0.9969 0.0782 -0.0003
vn 0.9510 -0.3092 0.0005
vn 0.9509 -0.3096 -0.0000
vn 0.9511 -0.3089 -0.0000
vn 0.9969 -0.0782 0.0003
vn 0.9969 -0.0785 -0.0002
vn 0.9509 -0.3095 -0.0000
vn 0.0326 0.9925 0.1179
vn -0.9337 0.3556 0.0422
vn -0.3142 0.1814 0.9319
vn -0.3140 0.1816 0.9319
vn -0.3140 0.1812 0.9320
vn -0.1502 0.0865 0.9849
vn -0.1499 0.0865 0.9849
vn -0.2323 0.2354 0.9437
vn -0.2324 0.2351 0.9438
vn -0.5940 -0.7734 0.2213
vn -0.5326 -0.8413 0.0922
vn -0.5329 -0.8411 0.0922
vn -0.5325 -0.8414 0.0919
vn -0.5260 -0.8437 0.1068
vn -0.5273 -0.8432 0.1046
vn -0.5263 -0.8436 0.1067
vn -0.0364 0.2591 0.9652
vn -0.0359 0.2590 0.9652
vn -0.0366 0.2586 0.9653
vn -0.1371 0.3299 0.9340
vn -0.1375 0.3294 0.9341
vn 0.0647 0.2376 0.9692
vn 0.5421 -0.7811 0.3099
vn 0.5398 -0.7824 0.3106
vn 0.5397 -0.7826 0.3102
vn -0.0000 0.2018 0.9794
vn -0.0005 0.2016 0.9795
vn 0.1921 0.1201 0.9740
vn 0.1893 0.1202 0.9745
vn 0.1921 0.1197 0.9741
vn 0.1598 0.0869 0.9833
vn 0.1593 0.0868 0.9834
vn 0.3314 -0.1157 0.9364
vn 0.3317 -0.1155 0.9363
vn 0.1170 -0.0259 0.9928
vn 0.1528 0.1156 0.9815
vn 0.1527 0.1152 0.9815
vn -0.0000 -0.1066 0.9943
vn -0.0006 -0.1065 0.9943
vn -0.1999 0.5914 0.7812
vn 0.2126 -0.1038 0.9716
vn 0.1580 0.0912 0.9832
vn -0.6476 -0.6307 0.4276
vn -0.6119 -0.4924 0.6190
vn -0.6117 -0.4924 0.6192
vn 0.2259 0.5369 0.8129
vn 0.2254 0.5371 0.8128
vn -0.3661 -0.0724 0.9278
vn -0.3662 -0.0727 0.9277
vn -0.5030 -0.8557 0.1215
vn -0.5031 -0.8556 0.1221
vn -0.6498 0.7601 -0.0000
vn 0.9235 0.3837 -0.0000
vn 0.9239 0.3827 -0.0000
vn 0.0002 -0.0005 1.0000
vn -0.0004 -0.0008 1.0000
vn 0.8526 0.5225 -0.0000
vn 0.8530 0.5219 0.0010
vn 0.5223 0.8527 -0.0005
vn 0.2337 0.9723 -0.0003
vn 0.3828 0.9238 -0.0000
vn 0.3826 0.9239 -0.0005
vn 0.2339 0.9723 -0.0003
vn 0.9969 -0.0782 -0.0005
vn 0.9969 -0.0784 -0.0002
vn 0.9510 0.3092 -0.0005
vn 0.9969 0.0785 0.0002
vn 0.9509 0.3095 -0.0000
vn 0.9511 0.3089 0.0003
vn 0.8628 -0.4981 -0.0859
vn 0.8627 -0.4982 -0.0872
vn 0.8626 -0.4983 -0.0872
vn 0.8627 -0.4978 -0.0897
vn 0.8628 -0.4981 -0.0869
vn 0.0231 0.9824 0.1852
vn 0.4737 0.8800 0.0353
vn 0.4738 0.8799 0.0358
vn -0.1192 0.9672 0.2245
vn -0.1189 0.9671 0.2249
vn 0.4809 0.8768 0.0069
vn 0.5000 0.8660 -0.0000
vn 0.4244 0.9045 0.0430
vn 0.4241 0.9046 0.0433
vn 0.4362 0.8868 0.1529
vn 0.4363 0.8866 0.1533
vn -0.0003 -0.6383 0.7698
vn -0.0000 -0.6385 0.7696
vn 0.2107 -0.5943 0.7762
vn 0.2113 -0.5940 0.7762
vn -0.6451 -0.5594 0.5205
vn -0.6448 -0.5598 0.5204
vn -0.2223 -0.9750 -0.0006
vn -0.2229 -0.9748 -0.0000
vn -0.5003 0.8659 -0.0000
vn 0.8909 -0.4542 0.0009
vn 0.8906 -0.4547 -0.0000
vn 0.0002 0.0005 -1.0000
vn -0.0004 0.0008 -1.0000
vn 0.8521 -0.5222 -0.0367
vn 0.8521 -0.5222 -0.0364
vn 0.8526 -0.5214 -0.0364
vn -0.0000 0.9601 0.2797
vn 0.3063 0.9501 0.0585
vn 0.3066 0.9500 0.0584
vn -0.4056 0.9139 -0.0159
vn -0.1495 0.7154 -0.6825
vn -0.0040 0.3688 -0.9295
vn -0.6847 0.3144 0.6576
vn -0.6848 0.3141 0.6576
vn -0.6512 0.3760 0.6592
vn -0.7928 0.4577 0.4026
vn -0.6002 0.4271 0.6762
vn -0.7928 0.4578 0.4024
vn 0.8267 0.5099 0.2377
vn 0.8265 0.5103 0.2375
vn 0.8766 0.4300 0.2159
vn 0.3418 0.8727 0.3486
vn 0.3414 0.8730 0.3484
vn 0.6052 0.7951 -0.0387
vn 0.8475 0.4887 0.2073
vn 0.8472 0.4891 0.2074
vn 0.4952 0.4243 -0.7581
vn 0.4952 0.4247 -0.7579
vn 0.9357 0.3521 -0.0209
vn 0.2983 0.1722 -0.9388
vn 0.2978 0.1722 -0.9390
vn 0.5254 -0.8508 -0.0000
vn 0.5255 -0.8508 -0.0005
vn 0.5255 -0.8508 -0.0008
vn 0.5627 -0.8256 -0.0424
vn 0.5632 -0.8252 -0.0426
vn 0.5224 -0.8509 -0.0547
vn 0.5221 -0.8511 -0.0554
vn 0.1043 -0.9946 -0.0000
vn 0.7074 0.7068 0.0002
vn 0.7068 0.7074 -0.0000
vn -0.6874 0.3965 -0.6085
vn -0.6874 0.3963 -0.6086
vn 0.0003 -0.0002 -1.0000
vn -0.0001 -0.0000 -1.0000
vn -0.9995 -0.0308 0.0002
vn -0.9996 -0.0297 -0.0000
vn -0.9926 -0.0249 0.1192
vn -0.9926 -0.0237 0.1190
vn -0.7791 -0.5834 0.2293
vn -0.9951 -0.0267 0.0957
vn -0.9951 -0.0256 0.0954
vn -0.9967 -0.0302 0.0756
vn -0.9968 -0.0292 0.0750
vn -0.9999 0.0090 -0.0123
vn -0.9999 0.0098 -0.0115
vn -0.9937 -0.1095 0.0243
vn -0.9971 -0.0343 0.0685
vn -0.9971 -0.0334 0.0677
vn -0.9972 -0.0364 0.0660
vn -0.9972 -0.0357 0.0651
vn -0.8196 -0.4983 0.2826
vn -0.8197 -0.4977 0.2836
vn 0.0002 -0.9962 -0.0872
vn -0.0009 -0.9963 -0.0862
vn 0.5402 0.7153 -0.4433
vn 0.5397 0.7159 -0.4430
vn 0.5399 0.7157 -0.4432
vn 0.4503 0.8132 -0.3688
vn 0.4502 0.8134 -0.3684
vn 0.3887 0.9077 -0.1580
vn 0.3883 0.9079 -0.1578
vn 0.3882 0.9080 -0.1575
vn 0.5588 0.7852 -0.2669
vn 0.5593 0.7847 -0.2672
vn 0.5590 0.7850 -0.2670
vn 0.5871 0.5841 -0.5606
vn 0.5869 0.5839 -0.5609
vn 0.9178 0.2245 -0.3275
vn 0.9178 0.2249 -0.3272
vn 0.9178 0.2252 -0.3269
vn 0.5010 0.7029 -0.5050
vn 0.5011 0.7025 -0.5053
vn 0.5009 0.7032 -0.5046
vn 0.8101 -0.5835 -0.0576
vn 0.8100 -0.5836 -0.0572
vn 0.8099 -0.5838 -0.0574
vn 0.0006 -0.0003 -1.0000
vn -0.8088 -0.5881 -0.0000
vn -0.8089 -0.5879 -0.0004
vn -0.5879 -0.8090 -0.0000
vn -0.5875 -0.8092 0.0005
vn -0.8519 -0.5224 0.0368
vn -0.8522 -0.5220 0.0368
vn -0.2313 -0.6718 0.7037
vn -0.2309 -0.6722 0.7034
vn -0.4732 -0.6735 0.5679
vn -0.4735 -0.6735 0.5676
vn 1.0000 -0.0007 -0.0002
vn 0.0004 -0.5578 0.8299
vn 0.5832 -0.7790 -0.2301
vn 0.5827 -0.7793 -0.2305
vn -0.9188 0.1546 0.3633
vn -0.9189 0.1543 0.3631
vn -0.9188 0.1542 0.3634
vn -0.8993 -0.1736 0.4015
vn -0.8992 -0.1736 0.4015
vn -0.8992 -0.1733 0.4017
vn -0.7208 -0.2967 0.6264
vn -0.7206 -0.2970 0.6265
vn -0.7026 -0.7027 0.1121
vn -0.7029 -0.7024 0.1121
vn -0.4808 -0.8768 -0.0039
vn -0.4829 -0.8757 -0.0044
vn -0.4934 -0.8698 -0.0000
vn -0.4946 -0.8686 -0.0298
vn -0.4811 -0.8765 -0.0180
vn -0.4840 -0.8749 -0.0160
vn -0.4941 -0.8692 -0.0212
vn -0.4929 -0.8699 -0.0183
vn -0.4915 -0.8707 -0.0168
vn -0.9683 -0.2498 -0.0013
vn -0.9551 -0.2091 0.2101
vn -0.9549 -0.2095 0.2102
vn -0.9011 -0.4336 -0.0001
vn 0.0002 -0.0000 -1.0000
vn -0.0002 -0.0000 -1.0000
vn 0.0056 -0.0000 -1.0000
vn 0.5968 -0.3334 -0.7299
vn 0.7604 0.4152 -0.4993
vn 0.7602 0.4149 -0.4999
vn 0.7603 0.4149 -0.4997
vn 0.7230 -0.4265 0.5435
vn 0.7233 -0.4265 0.5431
vn 0.7868 -0.4166 0.4553
vn 0.8872 -0.3738 0.2705
vn 0.8875 -0.3731 0.2705
vn 0.8873 -0.3735 0.2706
vn 0.8634 -0.0621 0.5007
vn 0.9460 -0.1435 0.2907
vn 0.9460 -0.1427 0.2909
vn 0.9461 -0.1431 0.2905
vn 0.9924 -0.0241 0.1209
vn 0.9924 -0.0239 0.1210
vn 0.9923 -0.0241 0.1214
vn 0.2257 -0.9717 0.0703
vn 0.2260 -0.9716 0.0703
vn 0.8979 0.4101 -0.1601
vn 0.9488 0.2086 -0.2373
vn 0.9488 0.2088 -0.2369
vn 0.1516 0.9397 -0.3065
vn 0.7432 0.4296 -0.5130
vn -0.6839 0.6841 -0.2534
vn -0.4558 0.8346 -0.3092
vn -0.4548 0.8350 -0.3098
vn -0.4564 0.8344 -0.3091
vn -0.4040 0.5832 -0.7047
vn -0.4048 0.5829 -0.7045
vn -0.4048 0.5832 -0.7043
vn -0.3931 0.8638 -0.3150
vn -0.3934 0.8635 -0.3155
vn 0.5065 -0.8622 -0.0000
vn 0.5049 -0.8626 0.0300
vn 0.5189 -0.8549 0.0039
vn 0.5187 -0.8550 0.0035
vn 0.5132 -0.8582 0.0052
vn 0.5057 -0.8625 0.0212
vn 0.5069 -0.8618 0.0184
vn 0.5261 -0.8500 0.0258
vn 0.5128 -0.8583 0.0163
vn 0.5073 -0.8616 0.0177
vn -0.6495 0.7604 -0.0000
vn -0.6495 0.7604 0.0002
vn -0.6492 0.7606 -0.0000
vn -0.3091 0.9510 -0.0000
vn -0.3090 0.9511 0.0003
vn -0.5226 0.8526 -0.0000
vn -0.5223 0.8528 0.0003
vn -0.3092 0.9510 0.0003
vn 0.8525 0.5227 -0.0000
vn 0.8526 0.5226 -0.0005
vn 0.8528 0.5223 -0.0000
vn 0.4539 0.8910 -0.0006
vn 0.4536 0.8912 -0.0000
vn 0.4542 0.8909 -0.0000
vn -0.9969 0.0782 -0.0003
vn -0.9969 0.0784 -0.0002
vn -0.9969 0.0782 0.0003
vn -0.9510 -0.3091 -0.0004
vn -0.9509 -0.3094 -0.0000
vn -0.9511 -0.3087 0.0004
vn -0.9969 -0.0787 -0.0000
vn -0.9969 -0.0782 -0.0003
vn -0.9969 -0.0785 0.0002
vn -0.9511 -0.3089 -0.0000
vn -0.9511 -0.3089 0.0005
vn 0.9997 0.0220 -0.0072
vn 0.9997 0.0216 -0.0071
vn 0.9991 0.0420 -0.0093
vn 1.0000 0.0076 -0.0000
vn 1.0000 0.0072 0.0001
vn 1.0000 0.0077 0.0005
vn 0.9995 0.0060 -0.0299
vn 0.9995 0.0061 -0.0294
vn 0.9999 0.0117 -0.0122
vn 0.9999 0.0114 -0.0118
vn 0.9997 0.0187 -0.0163
vn 0.9997 0.0183 -0.0160
vn 0.9996 0.0063 -0.0258
vn 0.9997 0.0065 -0.0253
vn 0.9998 0.0071 -0.0196
vn 0.9998 0.0075 -0.0192
vn 0.9998 0.0102 -0.0168
vn 0.9998 0.0097 -0.0168
vn -0.8526 -0.5226 -0.0000
vn -0.8526 -0.5226 0.0002
vn -0.8527 -0.5224 0.0003
vn -0.8527 -0.5223 -0.0000
vn -0.5876 -0.8091 -0.0004
vn -0.5875 -0.8092 -0.0000
vn -0.7602 -0.6497 0.0003
vn -0.5874 -0.8093 -0.0000
vn -0.9509 0.3095 0.0001
vn -0.9509 0.3095 -0.0000
vn 0.1120 -0.9937 -0.0000
vn 0.1120 -0.9937 0.0007
vn 0.5322 -0.8466 0.0005
vn 0.5322 -0.8466 -0.0000
vn 0.5322 -0.8466 0.0006
vn 0.3303 -0.9439 -0.0000
vn 0.3298 -0.9441 -0.0000
vn 0.3298 -0.9441 0.0007
vn 0.5318 -0.8468 -0.0000
vn 0.5322 -0.8466 -0.0006
vn 0.4542 -0.8909 -0.0000
vn 0.4536 -0.8912 -0.0000
vn 0.4539 -0.8910 -0.0006
vn 0.6492 -0.7606 -0.0000
vn 0.8526 -0.5226 -0.0005
vn 0.8525 -0.5227 -0.0000
vn 0.8528 -0.5223 0.0001
vn 0.8528 -0.5223 -0.0000
vn -0.6493 -0.7606 -0.0000
vn -0.6492 -0.7606 -0.0000
vn -0.3091 -0.9510 -0.0000
vn -0.5224 -0.8527 -0.0000
vn -0.3094 -0.9509 -0.0000
vn 0.2337 -0.9723 -0.0000
vn 0.2337 -0.9723 0.0003
vn 0.3829 -0.9238 -0.0000
vn 0.3827 -0.9239 0.0002
vn 0.3826 -0.9239 0.0005
vn 0.3828 -0.9238 -0.0000
vn 0.3825 -0.9240 0.0003
vn 0.5223 -0.8527 0.0005
vn -0.4719 0.8646 0.1725
vn -0.4724 0.8643 0.1727
vn -0.4721 0.8645 0.1726
vn -0.4152 0.8531 0.3160
vn -0.4149 0.8534 0.3157
vn -0.9491 0.3141 -0.0223
vn -0.9492 0.3139 -0.0221
vn -0.2113 0.9706 0.1153
vn -0.2111 0.9707 0.1150
vn -0.2672 0.9161 0.2989
vn -0.2668 0.9163 0.2987
vn 0.1853 0.6258 -0.7577
vn 0.0296 0.6383 -0.7692
vn 0.0290 0.6385 -0.7690
vn 0.0300 0.6379 -0.7695
vn 0.2108 0.8116 -0.5449
vn -0.1128 0.6476 -0.7536
vn -0.1121 0.6477 -0.7536
vn 0.5808 0.4289 -0.6919
vn 0.5806 0.4291 -0.6920
vn 0.4112 0.7762 -0.4779
vn 0.4112 0.7764 -0.4776
vn 0.9665 -0.2330 0.1078
vn 0.3418 0.5587 -0.7557
vn 0.3419 0.5589 -0.7554
vn -0.7576 0.6206 0.2024
vn -0.7573 0.6208 0.2028
vn 0.0991 0.6357 0.7656
vn 0.0996 0.6356 0.7656
vn 0.4138 0.8021 0.4306
vn 0.3468 0.6421 0.6838
vn 0.3471 0.6422 0.6835
vn -0.7315 -0.6643 -0.1535
vn -0.7313 -0.6645 -0.1536
vn -0.7313 -0.6646 -0.1532
vn -0.5753 -0.7344 -0.3602
vn -0.5750 -0.7347 -0.3600
vn -0.4300 -0.8017 -0.4151
vn -0.4303 -0.8015 -0.4153
vn 0.3965 -0.9180 0.0107
vn 0.3964 -0.9180 0.0103
vn -0.5044 -0.8291 -0.2412
vn -0.5044 -0.8292 -0.2409
vn -0.5051 -0.8287 -0.2412
vn -0.1806 -0.9203 -0.3470
vn -0.1805 -0.9205 -0.3465
vn -0.3960 -0.2298 0.8890
vn -0.3963 -0.2302 0.8888
vn 0.4365 -0.8979 0.0568
vn 0.4377 -0.8973 0.0567
vn 0.4369 -0.8977 0.0565
vn 0.9877 -0.1510 -0.0403
vn 0.9877 -0.1512 -0.0406
vn 0.9965 -0.0000 -0.0837
vn 0.9965 0.0003 -0.0837
vn 0.9965 0.0004 -0.0835
vn 0.4536 0.8912 -0.0001
vn 0.4544 0.8908 -0.0002
vn 0.4537 0.8912 0.0004
vn 0.4545 0.8908 -0.0000
vn 0.6493 0.7605 0.0007
vn 0.9749 -0.2228 0.0002
vn 0.9750 -0.2220 -0.0000
vn 0.6493 -0.7606 -0.0000
vn 0.6492 -0.7606 0.0003
vn 0.5224 -0.8527 0.0003
vn 0.5223 -0.8527 0.0006
vn 0.2336 -0.9723 0.0005
vn 0.3826 -0.9239 0.0006
vn 0.2340 -0.9722 0.0004
vn 0.5681 0.8226 0.0252
vn 0.6013 0.7990 -0.0055
vn 0.6421 0.7312 0.2304
vn 0.6417 0.7317 0.2299
vn -0.9104 -0.3834 -0.1555
vn -0.9103 -0.3835 -0.1558
vn -0.9391 -0.0224 -0.3429
vn -0.7654 -0.1174 -0.6328
vn -0.7653 -0.1181 -0.6327
vn -0.6524 -0.3766 -0.6577
vn -0.6134 -0.5333 -0.5825
vn -0.6134 -0.5335 -0.5823
vn -0.6524 -0.3767 -0.6577
vn -0.8837 0.4015 -0.2405
vn -0.6759 -0.6343 -0.3754
vn -0.6755 -0.6347 -0.3752
vn -0.6756 -0.6345 -0.3754
vn -0.9169 0.2986 -0.2647
vn -0.9171 0.2985 -0.2644
vn -0.7046 -0.4068 -0.5814
vn -0.7046 -0.4071 -0.5813
vn -0.6312 -0.6099 -0.4792
vn -0.6310 -0.6101 -0.4791
vn -0.9281 0.0370 -0.3704
vn -0.9280 0.0371 -0.3707
vn -0.2118 0.9292 0.3030
vn -0.2120 0.9293 0.3026
vn -0.2121 0.9291 0.3031
vn -0.6545 0.7090 0.2626
vn 0.7452 0.6157 0.2561
vn 0.7450 0.6161 0.2559
vn 0.7448 0.6161 0.2563
vn -0.0013 -0.3822 0.9241
vn -0.7977 0.3788 0.4692
vn -0.7975 0.3791 0.4693
vn -0.7975 0.3787 0.4696
vn -0.5346 0.7108 0.4571
vn -0.5342 0.7111 0.4571
vn -0.9443 0.2657 0.1940
vn -0.9442 0.2662 0.1939
vn -0.5059 0.5497 0.6647
vn -0.5051 0.5503 0.6649
vn -0.5699 0.6936 0.4407
vn -0.5695 0.6937 0.4409
vn -0.8643 0.4716 -0.1747
vn -0.8642 0.4719 -0.1748
vn -0.7023 0.4566 -0.5462
vn -0.7026 0.4565 -0.5459
vn -0.9995 0.0307 -0.0002
vn -0.9996 0.0297 -0.0000
vn -0.7437 0.4279 -0.5137
vn -0.7440 0.4275 -0.5136
vn -0.7443 0.4270 -0.5134
vn -0.9993 0.0223 -0.0286
vn -0.9994 0.0220 -0.0283
vn -0.9994 0.0219 -0.0286
vn -0.9541 0.2923 -0.0648
vn -0.9541 0.2923 -0.0651
vn -0.9995 0.0293 -0.0068
vn -0.9995 0.0296 -0.0079
vn -0.9962 0.0644 -0.0590
vn -0.7074 0.7068 -0.0000
vn 0.7606 -0.6492 -0.0003
vn 0.9511 -0.3090 -0.0003
vn 0.8527 -0.5223 -0.0000
vn 0.8527 -0.5224 -0.0003
vn 0.9510 -0.3092 -0.0003
vn 0.4744 -0.8803 -0.0000
vn 0.4741 -0.8805 -0.0000
vn 0.4760 -0.8713 -0.1189
vn 0.4757 -0.8715 -0.1190
vn -0.0150 -0.9312 -0.3641
vn -0.0147 -0.9312 -0.3643
vn 0.4758 -0.8736 -0.1021
vn 0.4755 -0.8738 -0.1021
vn 0.4809 -0.8768 -0.0054
vn 0.4808 -0.8768 -0.0048
vn 0.4713 -0.8811 -0.0401
vn 0.4712 -0.8811 -0.0404
vn 0.5720 -0.8127 0.1116
vn 0.5717 -0.8128 0.1115
vn 0.5717 -0.8128 0.1118
vn 0.0239 -0.9906 -0.1344
vn 0.0233 -0.9906 -0.1345
vn -0.2242 -0.9053 -0.3609
vn -0.2241 -0.9052 -0.3612
vn -0.2237 -0.9054 -0.3608
vn 0.4020 0.9152 -0.0268
vn 0.4999 0.8661 -0.0005
vn 0.4737 0.8800 -0.0355
vn 0.4738 0.8799 -0.0358
vn -0.1157 0.9665 -0.2293
vn 0.3657 0.9293 -0.0513
vn 0.5002 0.8659 0.0002
vn 0.4707 0.8813 -0.0412
vn 0.9438 0.3305 0.0005
vn 0.9439 0.3302 -0.0000
vn 0.9438 0.3305 -0.0000
vn 0.9440 0.3300 -0.0000
vn -0.9969 -0.0781 -0.0000
vn -0.9969 -0.0782 0.0005
vn -0.9969 -0.0782 -0.0005
vn -0.9510 0.3092 0.0005
vn -0.9511 0.3089 -0.0000
vn -0.9969 0.0786 -0.0003
vn -0.9509 0.3095 -0.0001
vn 0.2332 0.9724 -0.0000
vn 0.2328 0.9725 -0.0005
vn 0.2331 0.9724 -0.0003
vn 0.2328 0.9725 0.0005
vn -0.1565 0.9877 -0.0003
vn -0.1559 0.9878 -0.0001
vn -0.1562 0.9877 0.0004
vn 0.0786 0.9969 0.0003
vn -0.1559 0.9878 -0.0000
vn -0.1564 0.9877 0.0005
vn -0.4875 -0.8731 0.0027
vn -0.0694 -0.9891 -0.1302
vn -0.0696 -0.9891 -0.1299
vn -0.3039 -0.9427 -0.1375
vn -0.1606 -0.9794 0.1228
vn 0.0679 -0.9825 -0.1732
vn 0.0675 -0.9825 -0.1734
vn 0.0325 -0.2663 0.9633
vn -0.0000 -0.4092 0.9124
vn 0.7225 -0.6514 -0.2317
vn -0.0000 -0.9600 -0.2799
vn -0.0000 -0.9601 -0.2796
vn -0.0000 -0.9933 -0.1151
vn 0.0002 -0.9934 -0.1149
vn -0.8627 0.4981 0.0873
vn -0.8624 0.4985 0.0887
vn 0.4456 0.8747 -0.1907
vn 0.4454 0.8747 -0.1910
vn 0.4645 -0.8792 -0.1060
vn 0.4674 -0.8776 -0.1067
vn 0.4677 -0.8775 -0.1066
vn 0.4614 -0.8822 -0.0941
vn 0.4622 -0.8818 -0.0936
vn 0.4633 -0.8816 -0.0903
vn 0.3672 -0.9015 -0.2292
vn 0.3675 -0.9014 -0.2289
vn 0.3676 -0.9014 -0.2287
vn -0.3143 -0.1817 -0.9318
vn -0.3142 -0.1814 -0.9319
vn 0.9493 -0.0773 -0.3047
vn 0.9493 -0.0748 -0.3053
vn -0.2758 -0.4770 -0.8345
vn -0.2756 -0.4768 -0.8347
vn -0.2750 -0.4769 -0.8348
vn -0.2792 -0.3421 -0.8972
vn -0.2792 -0.3412 -0.8975
vn -0.2757 -0.3433 -0.8978
vn -0.2457 -0.1537 -0.9571
vn -0.2455 -0.1500 -0.9577
vn -0.2450 -0.1539 -0.9572
vn -0.1580 -0.0910 -0.9832
vn -0.1574 -0.0906 -0.9834
vn -0.1575 -0.0906 -0.9834
vn -0.6315 -0.2497 -0.7341
vn -0.6315 -0.2496 -0.7341
vn -0.6356 -0.2461 -0.7318
vn -0.0398 -0.3636 -0.9307
vn -0.0401 -0.3637 -0.9307
vn -0.0450 -0.3639 -0.9303
vn 0.0473 -0.3075 -0.9504
vn 0.0469 -0.3076 -0.9504
vn 0.1773 -0.2340 -0.9559
vn 0.1773 -0.2344 -0.9559
vn -0.0000 -0.1731 -0.9849
vn 0.0002 -0.1733 -0.9849
vn -0.1499 0.0865 -0.9849
vn -0.0285 -0.2211 -0.9748
vn -0.0282 -0.2209 -0.9749
vn -0.3689 0.0820 -0.9259
vn -0.0230 -0.2174 -0.9758
vn -0.7422 -0.4285 -0.5154
vn -0.4332 0.2501 -0.8659
vn -0.3871 0.2470 -0.8883
vn -0.3875 0.2471 -0.8881
vn -0.0780 -0.2302 -0.9700
vn -0.0815 -0.2339 -0.9688
vn 0.3874 -0.2869 -0.8761
vn 0.3870 -0.2919 -0.8746
vn 0.3891 -0.2851 -0.8760
vn -0.3623 0.2458 -0.8990
vn -0.3626 0.2459 -0.8989
vn -0.3626 0.2464 -0.8988
vn -0.2707 0.2540 -0.9285
vn -0.2714 0.2538 -0.9284
vn 0.1136 -0.2254 -0.9676
vn 0.1112 -0.2251 -0.9680
vn 0.0156 -0.1818 -0.9832
vn 0.0159 -0.1816 -0.9832
vn -0.0921 0.3228 -0.9420
vn -0.1499 -0.0865 -0.9849
vn -0.1501 -0.0863 -0.9849
vn -0.1502 -0.0862 -0.9849
vn 0.0319 0.3854 -0.9222
vn 0.0316 0.3857 -0.9221
vn 0.3304 0.9438 -0.0000
vn 0.3300 0.9440 0.0005
vn 0.3300 0.9440 -0.0005
vn 0.3300 0.9440 -0.0000
vn 0.1119 0.9937 -0.0000
vn 0.1119 0.9937 -0.0005
vn -0.3300 0.9440 0.0005
vn -0.3304 0.9438 -0.0000
vn -0.3300 0.9440 -0.0000
vn 0.2329 0.9725 -0.0000
vn 0.2330 0.9725 -0.0005
vn 0.2334 0.9724 -0.0000
vn 0.2330 0.9725 0.0003
vn 0.0790 0.9969 -0.0000
vn 0.0787 0.9969 0.0002
vn -0.2329 0.9725 -0.0000
vn -0.2330 0.9725 -0.0005
vn -0.0789 0.9969 -0.0005
vn -0.2326 0.9726 -0.0004
vn -0.9938 0.1095 0.0193
vn -1.0000 0.0003 0.0001
vn -0.9989 0.0296 0.0357
vn -0.7791 0.5834 0.2293
vn -0.7789 0.5837 0.2292
vn -0.9848 0.1639 0.0578
vn -0.9983 0.0454 0.0364
vn -0.9797 0.0753 0.1859
vn 0.6592 0.4719 0.5855
vn 0.6594 0.4718 0.5853
vn 0.7015 0.5994 0.3855
vn 0.7012 0.5996 0.3857
vn 0.7958 0.3630 0.4847
vn 0.5991 0.7508 0.2781
vn 0.5991 0.7509 0.2780
vn 0.5989 0.7510 0.2782
vn -0.5382 0.5818 0.6098
vn -0.2513 0.8703 0.4236
vn -0.2515 0.8701 0.4238
vn 0.8530 0.5219 0.0009
vn 0.8527 0.5224 0.0006
vn 0.8531 0.5218 -0.0007
vn 0.9723 0.2337 -0.0000
vn 0.9723 0.2339 -0.0007
vn 0.9239 0.3825 -0.0000
vn 0.9237 0.3831 0.0009
vn 0.9239 0.3827 -0.0004
vn 0.9723 0.2337 -0.0008
vn 0.4035 -0.9090 -0.1043
vn 0.7593 -0.6507 -0.0075
vn 0.7595 -0.6504 -0.0075
vn 0.2015 -0.2228 0.9538
vn 0.1986 0.8137 -0.5463
vn 0.1991 0.8135 -0.5464
vn 0.1989 0.8139 -0.5459
vn -0.1037 0.9327 -0.3454
vn -0.1037 0.9327 -0.3455
vn -0.1036 0.9328 -0.3452
vn 0.0317 0.9801 -0.1957
vn 0.0327 0.9801 -0.1959
vn 0.0322 0.9801 -0.1957
vn 0.2121 0.8868 -0.4105
vn 0.2126 0.8866 -0.4107
vn -0.9126 0.3611 -0.1919
vn -0.9126 0.3613 -0.1915
vn -0.9127 0.3609 -0.1915
vn -0.8527 0.5223 -0.0000
vn -0.8527 0.5223 0.0005
vn -0.5876 0.8091 0.0004
vn -0.7602 0.6497 -0.0000
vn -0.7602 0.6497 0.0005
vn -0.5874 0.8093 -0.0001
vn -0.6348 0.7353 0.2376
vn -0.6663 0.7456 -0.0082
vn 0.0368 0.9993 0.0036
vn -0.1398 0.9900 0.0181
vn -0.2758 0.9550 -0.1088
vn -0.2753 0.9552 -0.1089
vn -0.1383 0.9851 -0.1021
vn -0.5086 -0.5401 0.6705
vn -0.5089 -0.5400 0.6704
vn -0.6277 -0.7245 0.2847
vn -0.6271 -0.7249 0.2852
vn -0.7905 -0.3271 0.5178
vn -0.7906 -0.3272 0.5175
vn -1.0000 0.0081 -0.0055
vn -1.0000 0.0082 -0.0051
vn -0.9482 -0.3003 0.1032
vn -0.9480 -0.3011 0.1034
vn -0.2040 -0.7093 0.6747
vn -0.2038 -0.7092 0.6750
vn -0.5387 0.8425 -0.0101
vn -0.5390 0.8423 -0.0101
vn -0.8920 0.2529 -0.3746
vn -0.8918 0.2530 -0.3752
vn -0.8919 0.2529 -0.3749
vn -0.5142 0.8566 -0.0421
vn -0.5141 0.8567 -0.0424
vn -0.9877 0.1562 -0.0002
vn -0.9877 0.1564 -0.0000
vn -0.9876 0.1569 -0.0000
vn -0.9510 0.3091 0.0004
vn -0.9509 0.3094 -0.0000
vn -0.9511 0.3088 -0.0003
vn 0.0003 0.0003 1.0000
vn 0.0006 -0.0001 1.0000
vn 0.0003 -0.0003 1.0000
vn -0.8525 -0.5227 -0.0000
vn -0.8526 -0.5226 -0.0005
vn -0.8528 -0.5223 -0.0000
vn -0.9608 0.2768 0.0118
vn -0.2737 0.4528 0.8486
vn -0.9870 0.1610 0.0014
vn -0.7972 0.4098 0.4433
vn -0.7069 0.7073 0.0001
vn -0.7069 0.7073 -0.0000
vn -0.5877 0.8091 0.0003
vn 0.0003 -0.0000 1.0000
vn 0.0004 0.0003 1.0000
vn 0.0001 0.0003 1.0000
vn 0.8469 -0.5318 -0.0000
vn 0.9877 -0.1562 -0.0002
vn 0.9876 -0.1569 -0.0001
vn 0.9876 -0.1570 -0.0000
vn -0.0006 0.0001 1.0000
vn -0.0003 0.0003 1.0000
vn -0.3825 -0.9240 -0.0000
vn -0.3826 -0.9239 -0.0003
vn -0.3828 -0.9238 -0.0000
vn -0.2335 -0.9723 -0.0000
vn 0.0782 -0.9969 -0.0000
vn 0.0783 -0.9969 -0.0005
vn 0.0779 -0.9970 -0.0004
vn -0.9510 -0.3093 -0.0004
vn -0.8628 -0.4981 0.0870
vn -0.8626 -0.4984 0.0869
vn -0.0002 -0.9962 0.0873
vn 0.0010 -0.9963 0.0861
vn -0.0001 -0.9962 0.0872
vn 0.8628 -0.4981 0.0870
vn 0.8622 -0.4991 0.0870
vn -0.6239 -0.4237 -0.6567
vn -0.7718 -0.1002 -0.6280
vn -0.7722 -0.0999 -0.6275
vn -0.7721 -0.1002 -0.6276
vn -0.6182 -0.3568 -0.7004
vn -0.6182 -0.3572 -0.7002
vn -0.6462 -0.0503 -0.7615
vn -0.6465 -0.0505 -0.7612
vn -0.6171 -0.3569 -0.7013
vn -0.6171 -0.3571 -0.7012
vn -0.6171 -0.3568 -0.7013
vn -0.5403 -0.7153 -0.4432
vn -0.5777 -0.5782 -0.5762
vn -0.5773 -0.5785 -0.5762
vn -0.5880 -0.6571 -0.4716
vn -0.5885 -0.6568 -0.4714
vn -0.5883 -0.6573 -0.4710
vn -0.3978 -0.4581 -0.7949
vn -0.3981 -0.4583 -0.7946
vn -0.1211 -0.8889 -0.4417
vn -0.1212 -0.8886 -0.4423
vn -0.1214 -0.8888 -0.4419
vn 0.1765 -0.8071 -0.5635
vn 0.1763 -0.8073 -0.5632
vn 0.4568 0.7911 -0.4067
vn 0.4572 0.7910 -0.4065
vn 0.8352 0.5500 0.0003
vn 0.8352 0.5500 0.0004
vn 0.8354 0.5496 0.0004
vn 0.5319 0.8466 -0.0189
vn 0.5317 0.8467 -0.0188
vn 0.5317 0.8467 -0.0187
vn 0.4885 0.8259 -0.2816
vn 0.4887 0.8259 -0.2813
vn 0.4890 0.8258 -0.2809
vn 0.7068 -0.7074 -0.0000
vn -0.4153 -0.1633 0.8949
vn -0.4153 -0.1636 0.8949
vn -0.4156 -0.1635 0.8948
vn -0.5973 -0.3806 0.7059
vn -0.5970 -0.3816 0.7056
vn -0.4127 -0.5295 0.7412
vn -0.4118 -0.5302 0.7412
vn -0.5943 0.7733 0.2211
vn -0.5937 0.7737 0.2210
vn -0.5937 0.7738 0.2209
vn -0.5258 0.8462 0.0862
vn -0.5234 0.8477 0.0868
vn -0.5234 0.8477 0.0865
vn -0.5388 0.8388 0.0778
vn -0.5377 0.8394 0.0788
vn -0.5377 0.8395 0.0781
vn -0.4577 -0.4046 0.7917
vn -0.4582 -0.4053 0.7910
vn -0.4578 -0.4041 0.7919
vn -0.1304 -0.4989 0.8568
vn -0.1306 -0.4987 0.8569
vn -0.3475 -0.2006 0.9160
vn -0.5005 0.0272 0.8653
vn -0.5001 0.0276 0.8655
vn -0.5010 0.0298 0.8649
vn -0.4871 0.3097 0.8166
vn -0.4853 0.3117 0.8169
vn -0.4872 0.3102 0.8163
vn -0.0000 -0.7533 0.6577
vn 0.1098 -0.1017 0.9887
vn 0.1098 -0.1020 0.9887
vn 0.1728 -0.0902 0.9808
vn 0.1727 -0.0899 0.9809
vn 0.0993 -0.0436 0.9941
vn -0.4597 0.6963 0.5513
vn -0.4593 0.6967 0.5511
vn -0.5030 0.8557 0.1215
vn -0.5030 0.8556 0.1221
vn 0.1116 -0.1438 0.9833
vn 0.1113 -0.1436 0.9834
vn 0.1845 -0.1548 0.9706
vn 0.1843 -0.1545 0.9706
vn 0.1149 -0.2297 0.9665
vn 0.1152 -0.2298 0.9664
vn 0.0625 -0.3417 0.9377
vn 0.0634 -0.3398 0.9384
vn 0.0625 -0.3414 0.9378
vn -0.0385 -0.5196 0.8535
vn 0.9663 -0.1281 0.2231
vn 0.9663 -0.1287 0.2228
vn -0.0488 -0.4947 0.8677
vn -0.0488 -0.4952 0.8674
vn 0.1482 -0.1473 0.9779
vn 0.1485 -0.1473 0.9779
vn 0.1487 -0.1470 0.9779
vn 0.0276 -0.3348 0.9419
vn 0.0282 -0.3349 0.9418
vn 0.0284 -0.3347 0.9419
vn 0.1852 -0.4293 0.8840
vn 0.1855 -0.4297 0.8837
vn 0.1861 -0.4289 0.8840
vn 0.1176 -0.1059 0.9874
vn 0.1180 -0.1055 0.9874
vn 0.1177 -0.1056 0.9874
vn 0.0052 -0.1819 0.9833
vn 0.9493 -0.0748 0.3052
vn 0.9497 -0.0760 0.3037
vn 0.0565 -0.3418 0.9381
vn 0.0563 -0.3424 0.9379
vn 0.0568 -0.3416 0.9381
vn -0.0005 -0.1737 0.9848
vn -0.0008 -0.1735 0.9848
vn -0.6839 -0.6841 -0.2534
vn -0.4042 -0.5838 -0.7041
vn -0.4039 -0.5837 -0.7044
vn -0.4032 -0.5846 -0.7041
vn -0.4558 -0.8346 -0.3092
vn -0.4556 -0.8348 -0.3091
vn -0.4105 -0.5814 -0.7025
vn -0.4094 -0.5819 -0.7027
vn 0.9749 -0.2225 -0.0044
vn 0.9750 -0.2222 -0.0043
vn 0.9331 -0.1265 -0.3366
vn 0.9333 -0.1263 -0.3361
vn 0.9332 -0.1267 -0.3363
vn 0.8745 -0.4850 -0.0009
vn 0.8745 -0.4849 -0.0009
vn 0.8744 -0.4852 -0.0008
vn -0.8088 -0.5882 -0.0001
vn -0.8089 -0.5880 0.0004
vn -0.8089 -0.5879 0.0005
vn -0.8184 -0.4106 0.4020
vn -0.8185 -0.4107 0.4017
vn -0.9201 -0.3916 0.0030
vn -0.9203 -0.3913 0.0025
vn -0.7547 -0.6545 0.0465
vn -0.7543 -0.6549 0.0465
vn -0.9306 -0.1362 0.3398
vn -0.9307 -0.1355 0.3398
vn -0.3715 -0.4099 -0.8330
vn -0.3712 -0.4103 -0.8330
vn -0.5720 0.8092 0.1338
vn -0.8634 -0.4985 -0.0777
vn -0.8637 -0.4980 -0.0778
vn -0.7855 -0.5005 0.3640
vn 0.2197 -0.1843 0.9580
vn 0.5269 -0.3391 0.7794
vn 0.5270 -0.3388 0.7794
vn 0.8094 -0.3864 0.4423
vn 0.8094 -0.3866 0.4421
vn 0.8094 -0.3866 0.4420
vn -0.5002 -0.8659 -0.0002
vn -0.5005 -0.8657 0.0001
vn -0.5000 -0.8660 -0.0000
vn 0.1969 -0.0437 0.9794
vn 0.1782 -0.0783 0.9809
vn 0.1785 -0.0782 0.9808
vn 0.2104 -0.1095 0.9715
vn 0.2104 -0.1096 0.9715
vn 0.2107 -0.1097 0.9714
vn 0.5220 -0.3502 0.7777
vn 0.6708 0.0237 0.7412
vn 0.6708 0.0234 0.7413
vn 0.2003 -0.0458 0.9787
vn 0.2006 -0.0458 0.9786
vn 0.7151 0.3660 0.5955
vn 0.7153 0.3661 0.5952
vn 0.5620 -0.7886 0.2495
vn 0.5618 -0.7888 0.2494
vn 0.6230 -0.6050 0.4958
vn 0.6230 -0.6052 0.4956
vn 0.5401 -0.7154 0.4433
vn 0.5398 -0.7157 0.4432
vn 0.4503 -0.8132 0.3688
vn 0.4501 -0.8134 0.3686
vn 0.4502 -0.8133 0.3685
vn 0.3886 -0.9078 0.1580
vn 0.3883 -0.9079 0.1578
vn 0.3883 -0.9079 0.1581
vn 0.9146 0.3918 0.0994
vn 0.9147 0.3918 0.0991
vn 0.9148 0.3915 0.0993
vn 0.9178 -0.2246 0.3274
vn 0.9178 -0.2249 0.3272
vn 0.9178 -0.2251 0.3270
vn 0.5567 0.2876 0.7794
vn -0.2067 0.9238 0.3224
vn -0.2070 0.9237 0.3224
vn 0.8094 0.3864 0.4423
vn 0.8096 0.3861 0.4422
vn 0.5174 0.3339 0.7879
vn 0.5177 0.3336 0.7879
vn 0.8801 -0.4545 -0.1374
vn 0.8799 -0.4548 -0.1374
vn 0.5399 -0.7157 -0.4432
vn 0.9987 -0.0437 0.0280
vn 0.9986 -0.0443 0.0279
vn 0.9461 -0.1428 -0.2907
vn 0.9460 -0.1430 -0.2910
vn 0.9459 -0.1430 -0.2911
vn 0.8047 -0.3821 -0.4544
vn 0.8045 -0.3821 -0.4547
vn 0.8045 -0.3823 -0.4546
vn 0.6026 -0.5931 -0.5339
vn 0.6032 -0.5926 -0.5339
vn 0.6029 -0.5929 -0.5338
vn 0.9732 0.1339 -0.1870
vn 0.5957 -0.6063 -0.5268
vn 0.5955 -0.6063 -0.5270
vn 0.0574 -0.9968 -0.0552
vn 0.0576 -0.9968 -0.0549
vn 0.0571 -0.9968 -0.0557
vn 0.6164 -0.7507 -0.2377
vn 0.6164 -0.7505 -0.2382
vn 0.5128 0.8410 0.1726
vn 0.5126 0.8410 0.1729
vn 0.3576 0.8355 0.4172
vn 0.3572 0.8356 0.4173
vn 0.1485 0.7826 0.6046
vn 0.1479 0.7823 0.6051
vn 0.1481 0.7820 0.6054
vn -0.5492 0.8350 -0.0342
vn 0.2522 0.6892 0.6793
vn 0.2518 0.6894 0.6792
vn 0.2526 0.6890 0.6793
vn -0.0003 -1.0000 -0.0000
vn -0.0002 -1.0000 -0.0002
vn 0.0003 0.0004 1.0000
vn 0.0003 -0.0001 1.0000
vn 0.0002 -1.0000 0.0002
vn -0.6348 -0.7353 -0.2376
vn -0.6663 -0.7456 0.0082
vn 0.6125 0.3537 -0.7069
vn 0.5493 0.3969 -0.7353
vn 0.5492 0.3973 -0.7352
vn 0.7201 0.4159 -0.5554
vn 0.7727 0.3661 -0.5186
vn 0.6359 0.1812 -0.7502
vn -0.8456 0.4882 0.2161
vn -0.8458 0.4878 0.2161
vn -0.8454 0.4882 0.2166
vn -0.6464 0.0499 -0.7614
vn -0.6463 0.0498 -0.7614
vn -0.6462 0.0503 -0.7615
vn -0.7721 0.1001 -0.6276
vn -0.7721 0.0997 -0.6276
vn -0.6239 0.4237 -0.6567
vn -0.6235 0.4239 -0.6570
vn -0.6182 0.3568 -0.7004
vn -0.5153 0.2974 -0.8037
vn -0.5157 0.2972 -0.8036
vn -0.5401 0.7155 -0.4431
vn -0.4651 0.4317 -0.7729
vn -0.5777 0.5781 -0.5762
vn -0.5773 0.5785 -0.5762
vn -0.2831 0.6712 -0.6851
vn -0.2827 0.6715 -0.6850
vn -0.7961 -0.2927 -0.5296
vn 0.2411 0.9372 -0.2521
vn 0.2406 0.9373 -0.2520
vn -0.0283 0.6259 0.7794
vn -0.0287 0.6259 0.7794
vn 0.0627 0.3166 0.9465
vn -0.0000 0.6090 0.7932
vn -0.0007 -0.8302 0.5574
vn -0.0000 -0.8303 0.5574
vn -0.2064 -0.9532 0.2210
vn -0.2068 -0.9530 0.2214
vn -0.0003 -0.8306 0.5569
vn 0.2067 -0.9512 0.2292
vn 0.2071 -0.9510 0.2298
vn -0.0869 -0.9720 0.2182
vn -0.1848 -0.9603 0.2088
vn -0.1851 -0.9603 0.2089
vn -0.1846 -0.9604 0.2088
vn 0.2934 -0.9260 0.2376
vn 0.2944 -0.9259 0.2367
vn 0.2940 -0.9258 0.2376
vn -0.0806 -0.8714 0.4838
vn -0.0809 -0.8712 0.4842
vn 0.0873 -0.9901 0.1099
vn 0.0875 -0.9901 0.1101
vn 0.0878 -0.9901 0.1096
vn -0.8909 0.4542 -0.0000
vn 0.5873 0.8094 -0.0000
vn 0.5880 0.8088 -0.0002
vn 0.0001 -0.0007 1.0000
vn 0.7068 0.7074 0.0005
vn 0.3305 0.9438 0.0003
vn 0.3305 0.9438 -0.0000
vn 0.5322 0.8466 0.0005
vn 0.5306 -0.5798 -0.6183
vn 0.5318 -0.8469 0.0002
vn -0.7798 -0.4946 0.3838
vn -0.6184 -0.7488 0.2384
vn -0.6182 -0.7489 0.2388
vn -0.5686 -0.5713 0.5919
vn -0.5683 -0.5716 0.5919
vn -0.5687 -0.5714 0.5917
vn -0.2325 -0.8395 0.4912
vn -0.2325 -0.8395 0.4911
vn -0.2321 -0.8397 0.4910
vn -0.8706 0.4781 0.1159
vn -0.8709 0.4777 0.1157
vn -0.7377 -0.1814 0.6503
vn -0.7195 -0.4149 0.5570
vn -0.7192 -0.4152 0.5571
vn -0.9969 0.0787 0.0002
vn -0.9969 0.0789 0.0003
vn -0.9969 -0.0790 0.0003
vn -0.9969 -0.0786 -0.0003
vn -0.9969 -0.0790 -0.0000
vn -0.9240 -0.3823 -0.0006
vn -0.9239 -0.3826 -0.0000
vn -0.9723 -0.2338 -0.0006
vn -0.9239 -0.3827 0.0001
vn -0.0662 -0.9741 0.2160
vn -0.0655 -0.9742 0.2160
vn -0.0659 -0.9742 0.2159
vn -0.3067 -0.9513 -0.0310
vn 0.3291 -0.9429 0.0518
vn 0.3294 -0.9428 0.0520
vn 0.3294 -0.9428 0.0517
vn 0.3177 -0.5784 -0.7513
vn 0.3179 -0.5782 -0.7514
vn -0.1220 -0.6550 -0.7457
vn -0.0000 -0.8970 0.4421
vn 0.0003 -0.8970 0.4420
vn 0.2812 -0.9398 0.1941
vn 0.2815 -0.9397 0.1944
vn 0.0654 -0.9742 0.2160
vn 0.0655 -0.9742 0.2160
vn 0.0659 -0.9742 0.2159
vn 0.0002 -0.8971 0.4418
vn -0.0000 -0.9869 -0.1611
vn 0.0002 -0.9869 -0.1615
vn -0.0005 -0.9783 0.2074
vn -0.0001 -0.9783 0.2070
vn -0.9135 -0.4068 -0.0003
vn 0.7820 0.6232 0.0002
vn 0.7819 0.6235 -0.0000
vn 0.4300 -0.8017 -0.4152
vn 0.1370 -0.7664 -0.6276
vn 0.1375 -0.7666 -0.6272
vn 0.1095 -0.9156 -0.3870
vn 0.5082 -0.6962 -0.5069
vn 0.5082 -0.6963 -0.5069
vn 0.5078 -0.6966 -0.5068
vn 0.4621 -0.5065 -0.7280
vn 0.4619 -0.5068 -0.7279
vn 0.4614 -0.5071 -0.7280
vn 0.2826 -0.6357 -0.7184
vn 0.2831 -0.6353 -0.7185
vn 0.2829 -0.6355 -0.7184
vn 0.1655 -0.8937 -0.4171
vn 0.1649 -0.8937 -0.4173
vn 0.3287 0.7411 -0.5854
vn 0.3290 0.7409 -0.5855
vn 0.3285 0.7407 -0.5861
vn 0.5078 0.6966 -0.5068
vn 0.5082 0.6962 -0.5069
vn 0.3283 0.7417 -0.5849
vn 0.3286 0.7411 -0.5855
vn 0.3281 0.7416 -0.5852
vn 0.4132 0.4528 -0.7901
vn 0.4134 0.4524 -0.7902
vn 0.4132 0.4522 -0.7904
vn 0.6119 0.3059 -0.7294
vn 0.6122 0.3060 -0.7290
vn 0.7254 0.3809 -0.5733
vn 0.5081 0.6963 -0.5069
vn 0.6589 0.1836 -0.7295
vn 0.6592 0.1837 -0.7291
vn -0.5090 -0.2930 -0.8094
vn 0.7807 -0.4938 -0.3829
vn 0.7806 -0.4940 -0.3829
vn 0.7804 -0.4941 -0.3831
vn -0.6497 -0.7602 0.0003
vn -0.6489 -0.7609 0.0001
vn -0.5874 -0.8093 -0.0006
vn -0.5877 -0.8091 -0.0004
vn 0.5875 -0.8092 0.0005
vn 0.5879 -0.8090 -0.0000
vn 0.7602 -0.6497 -0.0005
vn -0.0000 -0.0005 -1.0000
vn -0.0005 0.0004 -1.0000
vn -0.0006 -0.0003 -1.0000
vn 0.8910 0.4539 -0.0000
vn 0.5189 0.8549 0.0034
vn 0.6502 0.7516 0.1106
vn 0.5065 0.8622 -0.0000
vn 0.5049 0.8626 0.0300
vn 0.5177 0.8554 0.0158
vn 0.5083 0.8610 0.0168
vn 0.5054 0.8625 0.0242
vn 0.5073 0.8616 0.0177
vn 0.2328 -0.9725 0.0005
vn 0.2332 -0.9724 0.0003
vn 0.2332 -0.9724 -0.0000
vn 0.2328 -0.9725 -0.0005
vn -0.1566 -0.9877 0.0004
vn -0.1569 -0.9876 -0.0000
vn -0.1562 -0.9877 -0.0003
vn 0.0787 -0.9969 -0.0000
vn 0.0790 -0.9969 0.0006
vn 0.0786 -0.9969 -0.0003
vn -0.1568 -0.9876 -0.0001
vn -0.1564 -0.9877 -0.0003
vn 0.9440 -0.3299 -0.0000
vn 0.9438 -0.3305 0.0005
vn 0.9438 -0.3305 -0.0006
vn 0.9440 -0.3300 -0.0000
vn 0.9438 -0.3305 -0.0000
vn 0.9937 -0.1119 0.0006
vn -0.8468 -0.5318 -0.0000
vn -0.8466 -0.5322 0.0003
vn -0.8466 -0.5322 -0.0005
vn -0.8468 -0.5320 -0.0000
vn -0.8466 -0.5322 -0.0000
vn -0.5322 -0.8466 0.0005
vn -0.7074 -0.7068 -0.0005
vn -0.0344 -0.7515 0.6588
vn -0.0346 -0.7514 0.6590
vn -0.0700 -0.8942 0.4422
vn 0.0700 -0.8942 0.4422
vn -0.2799 -0.6848 0.6728
vn 0.2590 -0.7123 0.6524
vn -0.0000 -0.7374 0.6754
vn 0.0607 -0.5159 0.8545
vn 0.7821 -0.6232 -0.0000
vn -0.9882 -0.1475 0.0419
vn -0.9979 0.0648 0.0006
vn -0.7068 -0.7074 0.0005
vn -0.3305 -0.9438 0.0003
vn -0.3300 -0.9440 -0.0000
vn -0.3305 -0.9438 -0.0000
vn -0.3302 -0.9439 -0.0000
vn -0.5856 0.7566 -0.2910
vn -0.5854 0.7570 -0.2903
vn -0.6868 0.7264 -0.0240
vn -0.8619 0.5070 -0.0022
vn -0.8617 0.5074 -0.0023
vn -0.8618 0.5073 -0.0015
vn 0.8622 0.4991 0.0870
vn 0.8628 0.4981 0.0870
vn -0.9368 0.1808 0.2996
vn -0.9367 0.1805 0.2999
vn -0.7210 0.2967 0.6261
vn -0.7208 0.2965 0.6265
vn -0.7209 0.2970 0.6262
vn -0.9259 -0.1620 0.3414
vn -0.9260 -0.1621 0.3411
vn -0.9260 -0.1618 0.3411
vn -0.6995 0.6990 0.1484
vn -0.6997 0.6990 0.1481
vn -0.6689 -0.7433 -0.0000
vn -0.4998 -0.8662 -0.0000
vn -0.2227 0.9749 -0.0000
vn 0.5259 0.8506 -0.0000
vn 0.5254 0.8508 -0.0000
vn 0.5218 0.8503 -0.0679
vn 0.5215 0.8506 -0.0677
vn 0.5637 0.8258 -0.0167
vn 0.5639 0.8257 -0.0171
vn 0.5522 0.8319 -0.0550
vn 0.5522 0.8320 -0.0545
vn 0.3042 -0.9501 0.0690
vn 0.4948 -0.8690 0.0019
vn 0.4934 -0.8698 -0.0000
vn 0.4932 -0.8699 0.0004
vn 0.4942 -0.8692 0.0181
vn 0.4821 -0.8761 0.0100
vn 0.4877 -0.8728 0.0153
vn 0.0002 -1.0000 -0.0004
vn -0.0005 -1.0000 -0.0001
vn -0.3840 0.9220 0.0503
vn 0.9461 0.1431 0.2905
vn 0.9459 0.1430 0.2912
vn 0.9924 0.0237 0.1209
vn 0.9924 0.0241 0.1209
vn 0.9924 0.0239 0.1206
vn 0.9733 0.1630 0.1619
vn 0.9731 0.1636 0.1619
vn -0.4941 -0.8692 0.0171
vn -0.4808 -0.8768 0.0034
vn -0.4820 -0.8760 0.0158
vn -0.3304 -0.9438 -0.0000
vn -0.3299 -0.9440 0.0005
vn -0.3300 -0.9440 -0.0005
vn 0.2223 -0.9750 0.0005
vn 0.2228 -0.9749 -0.0000
vn 0.2223 -0.9750 -0.0000
vn -0.1119 -0.9937 -0.0005
vn 0.6125 -0.3537 -0.7069
vn 0.7727 -0.3661 -0.5186
vn 0.7201 -0.4159 -0.5554
vn 0.5493 -0.3969 -0.7353
vn 0.5427 -0.3968 -0.7402
vn 0.6585 -0.0365 -0.7517
vn -0.5322 0.8466 -0.0000
vn -0.5322 0.8466 0.0005
vn -0.5318 0.8468 -0.0000
vn -0.9438 0.3305 0.0003
vn -0.9439 0.3302 -0.0000
vn -0.9438 0.3305 -0.0000
vn -0.3287 0.9444 -0.0100
vn -0.1119 0.9932 -0.0326
vn 0.2240 0.9692 0.1019
vn 0.2244 0.9692 0.1019
vn -0.1904 0.9717 0.1395
vn -0.1907 0.9717 0.1393
vn 0.2958 0.4987 0.8147
vn 0.2955 0.4987 0.8148
vn 0.5227 -0.8525 0.0001
vn -0.0156 -0.0000 0.9999
vn -0.3118 -0.7181 -0.6222
vn -0.3121 -0.7177 -0.6225
vn -0.1250 -0.7773 -0.6165
vn -0.1250 -0.7776 -0.6163
vn -0.1245 -0.7776 -0.6164
vn -0.1364 -0.8927 -0.4295
vn -0.1360 -0.8929 -0.4292
vn -0.1364 -0.8929 -0.4290
vn 0.0909 -0.8645 -0.4943
vn 0.0912 -0.8647 -0.4939
vn 0.5571 -0.8296 0.0363
vn 0.5568 -0.8298 0.0358
vn -0.3053 -0.8675 -0.3928
vn -0.3051 -0.8677 -0.3924
vn -0.3049 -0.8677 -0.3926
vn -0.7944 0.4419 -0.4167
vn -0.7945 0.4414 -0.4169
vn -0.7946 0.4410 -0.4172
vn -0.9937 -0.1119 -0.0012
vn -0.9440 -0.3300 0.0012
vn -0.9440 0.3299 0.0006
vn -0.9937 0.1119 -0.0012
vn -0.9937 0.1119 -0.0016
vn -0.9937 -0.1119 0.0012
vn -0.9937 -0.1119 0.0009
vn 0.0005 1.0000 0.0001
vn 0.0002 1.0000 -0.0004
vn -0.3826 0.9239 -0.0000
vn -0.3831 0.9237 -0.0007
vn -0.3827 0.9239 -0.0004
vn -0.3832 0.9237 -0.0005
vn -0.8089 0.5879 -0.0004
vn -0.5879 0.8090 -0.0007
vn -0.5876 0.8091 -0.0004
vn -0.8091 0.5877 0.0001
vn -0.8091 0.5877 -0.0000
vn 0.0002 0.9962 0.0872
vn -0.0009 0.9963 0.0862
vn -0.5143 0.8576 -0.0000
vn -0.5147 0.8574 -0.0000
vn -0.5121 0.8580 0.0407
vn -0.5125 0.8577 0.0410
vn -0.5389 0.8423 0.0122
vn -0.5271 0.8492 0.0314
vn -0.5271 0.8492 0.0318
vn -0.8627 -0.4981 -0.0873
vn -0.8623 -0.4985 -0.0888
vn 0.0002 1.0000 0.0002
vn -0.2332 0.9724 -0.0000
vn 0.0003 0.0004 -1.0000
vn 0.2280 0.9505 -0.2112
vn 0.2280 0.9505 -0.2111
vn 0.2277 0.9506 -0.2111
vn -0.7820 -0.6232 0.0002
vn -0.7816 -0.6238 -0.0000
vn -0.9118 -0.3155 -0.2628
vn -0.7003 -0.1455 -0.6988
vn -0.7003 -0.1459 -0.6987
vn -0.6996 -0.6988 -0.1490
vn -0.6995 -0.6991 -0.1484
vn -0.7166 -0.3015 -0.6290
vn -0.7163 -0.3019 -0.6291
vn -0.7164 -0.3022 -0.6288
vn 0.4568 -0.7912 0.4067
vn 0.8354 -0.5496 -0.0004
vn 0.5319 -0.8466 0.0189
vn 0.5317 -0.8467 0.0188
vn 0.5322 -0.8464 0.0188
vn 0.4665 -0.5360 0.7037
vn 0.4667 -0.5361 0.7034
vn 0.4666 -0.5364 0.7033
vn 0.2125 -0.7156 0.6654
vn 0.2112 -0.7162 0.6651
vn 0.2122 -0.7157 0.6654
vn 0.2108 -0.8116 0.5449
vn 0.5964 -0.7971 0.0948
vn 0.5969 -0.7967 0.0948
vn 0.5965 -0.7970 0.0942
vn 0.7941 -0.6075 0.0163
vn 0.7941 -0.6076 0.0165
vn 0.7944 -0.6072 0.0163
vn 0.9933 0.1123 -0.0271
vn 0.9933 0.1120 -0.0271
vn 0.9925 -0.0588 -0.1069
vn 0.9926 -0.0586 -0.1066
vn 0.9925 -0.0584 -0.1069
vn 0.5147 -0.8544 0.0713
vn 0.5149 -0.8543 0.0711
vn 0.7977 -0.3787 0.4694
vn 0.7974 -0.3794 0.4693
vn 0.7975 -0.3787 0.4697
vn 0.4887 -0.8259 0.2813
vn 0.4888 -0.8259 0.2810
vn -0.7033 -0.6705 0.2362
vn -0.7036 -0.6703 0.2360
vn 0.7483 -0.4141 0.5182
vn 0.7481 -0.4144 0.5183
vn 0.7480 -0.4147 0.5182
vn 0.6020 -0.7035 0.3777
vn 0.6017 -0.7037 0.3779
vn 0.9725 0.2331 -0.0000
vn 0.9723 0.2339 -0.0000
vn 0.9725 0.2329 -0.0002
vn 0.0006 -0.0002 -1.0000
vn 0.0002 -0.0003 -1.0000
vn -0.0000 -0.0001 -1.0000
vn 0.9724 0.2332 -0.0002
vn 0.9725 0.2329 0.0002
vn 0.0002 -1.0000 0.0004
vn 0.7868 0.4166 -0.4553
vn 0.8822 0.3716 -0.2893
vn 0.8824 0.3710 -0.2893
vn 0.8823 0.3713 -0.2894
vn 0.9924 0.0241 -0.1209
vn 0.9924 0.0239 -0.1210
vn 0.9924 0.0244 -0.1210
vn 0.9461 0.1431 -0.2905
vn 0.0898 0.9947 -0.0493
vn 0.0902 0.9947 -0.0493
vn 0.9510 0.3091 -0.0000
vn -0.3303 -0.9439 -0.0000
vn 0.2226 -0.9749 -0.0000
vn 0.6630 -0.7260 0.1825
vn 0.6629 -0.7263 0.1818
vn 0.9140 -0.3914 0.1068
vn 0.9142 -0.3909 0.1071
vn 0.8436 -0.2954 0.4485
vn 0.8435 -0.2959 0.4483
vn 0.8434 -0.2961 0.4484
vn 0.8540 -0.5160 0.0669
vn 0.8543 -0.5155 0.0669
vn 0.1991 -0.8136 -0.5463
vn 0.1987 -0.8137 -0.5463
vn 0.2067 -0.9512 -0.2292
vn 0.2072 -0.9511 -0.2292
vn 0.2067 -0.9511 -0.2296
vn 0.0305 -0.9373 -0.3472
vn 0.0303 -0.9373 -0.3473
vn 0.0308 -0.9373 -0.3472
vn -0.0475 -0.8352 -0.5480
vn -0.0477 -0.8354 -0.5476
vn 0.4539 -0.8910 0.0006
vn 0.4545 -0.8908 -0.0000
vn 0.6451 -0.7563 0.1093
vn 0.6454 -0.7561 0.1087
vn 0.4529 -0.8899 -0.0549
vn 0.4529 -0.8899 -0.0547
vn 0.4535 -0.8896 -0.0547
vn 0.8526 -0.5226 0.0005
vn 0.7599 -0.6491 0.0363
vn 0.7601 -0.6488 0.0369
vn 0.6488 -0.7601 -0.0369
vn 0.6489 -0.7599 -0.0375
vn 0.9725 -0.2331 -0.0000
vn 0.9722 -0.2341 -0.0000
vn 0.9723 -0.2338 -0.0004
vn -0.0004 -0.0005 1.0000
vn -0.0000 0.0003 1.0000
vn -0.0003 -0.0003 1.0000
vn -0.0007 0.0002 1.0000
vn -0.0003 0.0005 1.0000
vn 0.9725 -0.2330 -0.0000
vn 0.9724 -0.2332 0.0002
vn 0.9722 -0.2340 -0.0000
vn 0.9438 0.3305 0.0003
vn 0.9438 0.3305 -0.0003
vn 0.9438 0.3305 -0.0005
vn 0.7072 0.7070 -0.0000
vn 0.7074 0.7068 -0.0005
vn 0.8466 0.5323 -0.0003
vn 0.8466 0.5323 0.0005
vn 0.0003 1.0000 0.0004
vn 0.0006 1.0000 -0.0000
vn -0.0006 1.0000 -0.0000
vn -0.1566 0.9877 -0.0005
vn -0.0005 -0.0000 -1.0000
vn 0.0001 -0.0005 -1.0000
vn 0.0005 -0.0001 -1.0000
vn -1.0000 -0.0000 0.0001
vn -0.9511 0.3089 0.0003
vn -0.4539 -0.8910 -0.0000
vn -0.4542 -0.8909 -0.0000
vn -0.3096 -0.9509 -0.0001
vn -0.3090 -0.9511 -0.0003
vn -0.0003 -0.0001 -1.0000
vn -0.9877 -0.1561 -0.0000
vn -0.9877 -0.1564 -0.0000
vn -0.0001 -0.0003 -1.0000
vn 0.0002 -0.0002 -1.0000
vn 0.9163 0.3918 0.0830
vn 0.9161 0.3923 0.0829
vn 0.9159 0.3927 0.0831
vn 0.6685 0.7330 0.1256
vn 0.6686 0.7328 0.1265
vn 0.6689 0.7325 0.1262
vn 0.8435 0.2955 0.4486
vn 0.8436 0.2950 0.4487
vn 0.8436 0.2956 0.4484
vn 0.5001 -0.8660 -0.0003
s 0
f 180//239 463//240 465//240
f 617//241 614//242 611//241
f 949//243 741//243 793//243
f 981//244 832//245 980//244
f 198//246 514//247 516//247
f 112//248 189//248 188//248
f 396//249 393//249 392//249
f 270//250 409//251 527//250
f 295//249 296//249 146//249
f 1222//249 1247//249 1245//249
f 340//249 341//249 137//249
f 120//249 154//249 152//249
f 146//249 142//249 145//249
f 1064//252 1062//253 1063//252
f 622//254 411//254 623//254
f 409//249 408//249 412//249
f 730//255 297//256 299//257
f 819//258 816//259 847//260
f 437//261 434//261 435//261
f 158//262 663//262 662//262
f 172//263 279//264 278//264
f 432//265 430//265 431//266
f 449//248 432//248 438//248
f 699//249 701//249 700//249
f 640//267 136//267 641//268
f 625//269 401//270 555//271
f 323//272 324//273 749//272
f 1191//274 1192//274 1174//274
f 145//275 660//275 661//275
f 101//276 141//276 142//276
f 1147//277 1144//278 1145//279
f 145//280 147//280 143//280
f 285//281 287//248 289//282
f 150//283 667//283 666//283
f 236//284 357//285 355//286
f 649//287 975//287 648//287
f 371//288 372//289 700//290
f 820//291 856//291 857//292
f 626//293 635//294 434//294
f 1140//252 1138//295 1139//252
f 875//296 811//296 877//296
f 1241//297 1242//297 1240//297
f 115//298 111//299 116//299
f 1022//300 1020//300 1021//300
f 964//301 918//301 957//302
f 553//303 403//304 633//305
f 751//306 325//307 326//307
f 457//308 187//309 425//309
f 842//310 844//310 841//310
f 269//311 517//311 509//311
f 803//312 935//313 932//313
f 774//249 761//249 664//249
f 303//314 304//314 736//314
f 356//315 357//316 675//317
f 528//318 396//319 529//319
f 529//320 395//321 530//321
f 392//322 530//323 395//324
f 999//325 997//326 834//326
f 916//327 966//328 892//329
f 476//330 534//330 477//330
f 438//331 440//331 408//331
f 1220//332 1217//332 1219//332
f 993//333 826//333 823//334
f 475//335 474//335 537//335
f 539//336 474//336 481//336
f 345//337 343//338 229//339
f 417//340 476//341 477//341
f 540//342 483//342 482//342
f 629//343 402//344 625//343
f 970//345 896//345 929//346
f 839//347 804//347 836//347
f 1177//348 1192//348 1175//349
f 951//350 960//350 948//350
f 118//351 120//351 122//351
f 607//352 424//352 276//353
f 341//354 340//355 231//355
f 985//356 987//356 823//356
f 138//357 139//357 575//357
f 821//358 822//359 823//360
f 1214//361 1211//361 1213//361
f 643//362 128//362 125//362
f 697//363 376//364 378//365
f 720//366 386//367 387//368
f 759//369 307//370 309//371
f 867//372 869//373 819//372
f 644//374 645//374 971//374
f 861//375 864//376 810//376
f 838//377 909//377 902//377
f 550//378 552//378 551//378
f 408//379 443//380 442//379
f 137//381 638//381 637//381
f 995//382 992//382 987//382
f 558//383 557//383 559//383
f 1137//384 1134//385 1135//384
f 1205//386 1202//386 1204//386
f 562//387 561//387 563//387
f 1008//388 1003//388 780//388
f 763//389 310//389 312//389
f 224//390 226//390 225//390
f 958//391 957//391 790//391
f 283//392 285//393 742//393
f 1224//394 1221//394 1223//394
f 262//395 383//396 263//397
f 998//398 996//399 760//399
f 1219//400 1222//401 1220//402
f 170//403 282//404 281//405
f 791//248 792//248 790//248
f 1164//402 1167//401 1165//402
f 510//406 508//407 504//406
f 425//408 423//409 452//410
f 657//411 658//411 965//411
f 1251//412 1252//412 1250//412
f 1182//413 1179//413 1181//413
f 383//414 381//414 242//414
f 789//248 786//248 785//248
f 345//415 347//415 692//416
f 487//417 492//417 266//418
f 325//419 323//420 321//421
f 683//422 337//422 338//423
f 422//249 423//249 421//249
f 711//424 363//425 364//426
f 1019//427 1012//427 779//427
f 529//428 530//428 558//428
f 191//429 325//430 190//431
f 335//432 360//433 234//434
f 386//435 385//436 261//437
f 202//438 308//439 307//264
f 150//440 151//440 149//440
f 146//441 662//441 660//441
f 542//442 566//443 392//444
f 979//445 941//446 940//446
f 880//447 843//447 842//448
f 1099//449 1096//450 1097//449
f 1180//451 1176//451 1178//451
f 1247//452 1248//452 1246//452
f 739//453 280//453 282//454
f 132//455 136//455 133//455
f 533//456 587//456 574//456
f 163//248 164//248 157//248
f 123//457 121//457 130//457
f 421//458 102//459 455//459
f 1224//460 1226//460 1227//460
f 1119//461 1116//462 1117//461
f 1244//248 1217//248 1215//248
f 853//463 874//464 873//465
f 844//249 827//249 831//249
f 1124//248 1140//248 1148//248
f 1253//466 1231//466 1252//466
f 896//467 897//467 805//468
f 538//469 391//470 393//471
f 470//472 462//473 472//474
f 223//475 346//475 227//476
f 901//477 904//478 840//479
f 632//480 629//480 274//481
f 761//482 802//483 997//484
f 398//485 563//485 561//485
f 799//486 837//486 836//486
f 212//248 213//248 153//248
f 610//487 430//488 427//487
f 858//489 694//490 860//491
f 1245//297 1246//297 1244//297
f 487//492 486//492 420//492
f 419//249 417//249 420//249
f 496//493 497//494 447//495
f 817//496 919//496 918//496
f 1229//497 1226//497 1228//497
f 715//498 381//499 382//499
f 197//500 332//500 331//500
f 1215//501 1218//501 1216//501
f 220//502 349//503 348//504
f 482//505 483//505 419//506
f 291//507 290//507 162//507
f 350//508 669//509 668//509
f 1094//510 1092//511 1093//512
f 367//513 366//514 252//513
f 1184//402 1186//400 1187//401
f 207//515 319//515 318//516
f 212//517 314//518 313//517
f 1017//519 1018//519 778//520
f 489//521 494//521 488//522
f 1012//523 1007//524 1009//524
f 600//525 596//526 254//525
f 119//527 647//527 121//528
f 1197//501 1198//501 1199//501
f 415//249 413//249 416//249
f 332//529 333//529 758//529
f 154//530 665//530 664//530
f 750//249 650//249 651//249
f 1051//531 1048//532 1049//533
f 795//248 797//248 794//248
f 805//248 808//248 807//248
f 314//534 315//535 767//536
f 812//248 809//248 810//248
f 817//248 816//248 814//248
f 827//537 825//537 826//538
f 621//539 594//540 603//539
f 289//541 291//541 744//541
f 1011//542 794//543 1012//543
f 495//544 498//544 499//544
f 1115//545 1112//546 1113//545
f 159//547 292//548 160//547
f 215//549 311//550 310//551
f 1171//460 1168//460 1170//460
f 247//552 589//553 405//554
f 501//555 415//556 503//555
f 1086//300 1084//557 1085//300
f 152//530 153//530 151//530
f 728//558 294//559 295//560
f 178//561 301//562 300//563
f 959//564 961//565 653//565
f 913//566 786//567 787//568
f 873//569 914//569 850//570
f 1077//571 1078//571 1076//572
f 328//573 327//574 192//575
f 274//248 275//248 147//248
f 1026//248 1034//248 1042//248
f 156//262 157//262 155//262
f 1165//332 1162//332 1164//332
f 946//576 943//576 1010//576
f 1002//577 1004//578 1007//577
f 360//579 361//580 679//581
f 109//582 650//582 114//582
f 267//583 494//584 493//584
f 671//585 352//586 353//587
f 1235//588 1236//588 1234//588
f 832//589 830//589 797//589
f 447//590 449//590 413//590
f 887//591 888//591 842//592
f 803//248 800//248 801//248
f 412//593 547//594 546//594
f 184//595 295//596 293//597
f 245//598 374//598 246//599
f 834//600 802//600 835//600
f 237//601 353//602 351//603
f 1091//604 1088//605 1089//604
f 1200//400 1203//401 1201//402
f 1068//248 1048//248 1056//248
f 1233//412 1230//412 1231//412
f 253//606 364//607 362//608
f 287//609 286//609 166//610
f 744//611 293//547 726//547
f 913//612 789//613 914//613
f 914//614 788//615 915//615
f 785//616 915//617 788//618
f 592//619 440//620 601//621
f 451//622 452//623 450//624
f 919//625 921//625 920//625
f 1038//626 1037//626 1039//627
f 923//628 850//628 924//628
f 925//629 850//629 849//629
f 1129//280 1126//280 1127//280
f 539//630 480//630 498//631
f 926//632 852//632 851//632
f 634//633 635//633 272//633
f 423//634 427//635 428//634
f 894//636 928//636 895//636
f 1195//249 1241//249 1239//249
f 1193//637 1208//638 1210//637
f 102//639 103//639 576//639
f 148//280 661//280 667//280
f 583//640 525//640 568//641
f 1239//642 1240//642 1238//642
f 868//643 862//644 691//645
f 893//646 892//646 930//646
f 545//647 547//647 585//648
f 1216//649 1213//649 1215//649
f 618//650 610//650 606//651
f 990//652 729//652 790//653
f 933//654 910//654 934//654
f 373//655 371//656 369//657
f 936//658 935//658 937//658
f 439//659 437//659 406//659
f 1207//660 1208//660 1209//660
f 898//661 974//661 912//661
f 152//440 666//440 665//440
f 1210//662 1195//662 1193//662
f 512//663 517//663 445//663
f 569//664 553//664 555//664
f 954//665 956//665 955//665
f 889//666 771//666 883//667
f 900//668 808//669 904//670
f 242//671 379//671 241//671
f 305//672 303//673 176//674
f 1043//675 1044//676 1042//677
f 433//678 630//678 434//678
f 1053//679 1050//680 1051//679
f 905//681 906//682 908//682
f 1243//588 1244//588 1242//588
f 735//249 736//249 656//249
f 1117//262 1114//262 1115//262
f 377//683 376//684 243//683
f 107//685 108//686 578//687
f 1229//688 1211//689 1212//688
f 1049//690 1082//691 1083//692
f 612//693 430//694 613//695
f 468//696 473//696 453//697
f 698//698 374//699 375//700
f 684//701 340//702 342//703
f 312//249 156//249 311//249
f 1166//394 1169//394 1167//394
f 362//704 389//704 258//704
f 852//705 855//705 814//705
f 687//706 343//707 344//708
f 358//709 677//710 676//709
f 1123//711 1124//711 1122//711
f 1181//712 1184//712 1182//712
f 1237//466 1238//466 1236//466
f 404//249 406//249 403//249
f 1102//384 1100//713 1101//384
f 581//714 499//714 541//714
f 146//275 143//275 144//275
f 1083//249 1067//249 1059//249
f 1194//649 1197//649 1195//649
f 1027//715 1024//716 1025//715
f 101//717 142//717 636//717
f 1057//718 1058//719 1056//720
f 445//721 413//722 442//722
f 1041//262 1038//262 1039//262
f 931//723 785//724 784//725
f 907//726 801//727 775//728
f 1250//248 1252//248 1186//248
f 1171//729 1172//729 1173//729
f 1149//730 1146//731 1147//730
f 1251//249 1249//249 1182//249
f 277//732 424//733 532//734
f 900//735 899//735 807//735
f 768//736 317//737 769//283
f 986//738 984//739 782//740
f 398//249 401//249 402//249
f 688//741 809//741 874//741
f 158//441 144//441 157//441
f 1029//742 1030//742 1028//743
f 387//249 152//249 150//249
f 148//283 149//283 147//283
f 976//744 978//744 941//744
f 1189//394 1186//394 1188//394
f 1201//332 1198//332 1200//332
f 119//248 152//248 154//248
f 1070//745 1068//746 1069//745
f 830//747 828//748 829//749
f 285//750 283//393 168//751
f 128//249 375//249 376//249
f 1191//249 1233//249 1253//249
f 439//752 597//753 598//754
f 1111//755 1110//756 1108//756
f 383//757 717//395 716//758
f 298//759 297//760 182//761
f 927//762 784//763 786//764
f 1191//460 1188//460 1190//765
f 1160//501 1162//501 1163//501
f 775//766 800//767 912//766
f 528//768 393//769 394//770
f 752//771 327//772 329//773
f 1035//774 1032//775 1033//776
f 1055//283 1052//283 1053//283
f 522//777 410//778 270//777
f 845//779 881//780 878//781
f 305//782 278//783 280//784
f 317//283 209//736 208//785
f 186//786 460//787 458//787
f 723//788 389//788 390//788
f 284//249 104//249 283//249
f 1131//742 1132//742 1130//742
f 154//545 155//545 153//545
f 1151//789 1148//789 1149//789
f 1232//466 1234//466 1230//466
f 818//790 982//791 983//791
f 1223//248 1246//248 1248//248
f 696//671 380//671 712//671
f 628//792 274//793 635//792
f 1036//794 1035//794 1037//794
f 708//513 366//513 367//513
f 339//795 337//796 335//797
f 1153//798 1154//799 1152//800
f 748//801 321//801 747//801
f 732//802 300//803 302//804
f 1173//805 1158//662 1156//662
f 351//806 218//807 238//509
f 769//808 318//809 320//808
f 321//801 204//801 188//801
f 1031//249 1023//249 1043//249
f 156//545 664//545 663//545
f 347//810 349//811 668//812
f 695//813 813//814 859//815
f 1108//248 1088//248 1096//248
f 1105//249 1089//249 1117//249
f 1137//249 1121//249 1149//249
f 1158//649 1159//649 1160//649
f 1168//248 1231//248 1230//248
f 359//816 236//709 234//709
f 1238//248 1210//248 1208//248
f 1249//297 1250//297 1248//297
f 1160//249 1237//249 1158//249
f 1204//817 1207//818 1205//817
f 451//819 417//820 180//821
f 180//822 183//823 461//823
f 461//824 462//824 463//824
f 463//825 466//825 467//826
f 467//827 468//828 464//829
f 465//830 469//830 451//831
f 467//832 464//833 465//834
f 180//835 461//836 463//836
f 463//837 467//838 465//837
f 465//839 451//840 180//840
f 611//841 612//841 617//841
f 617//842 619//843 221//842
f 221//248 224//282 225//248
f 225//844 228//845 614//846
f 614//847 398//848 397//849
f 397//850 431//850 611//850
f 617//851 221//851 225//851
f 614//852 397//853 611//853
f 617//854 225//854 614//855
f 793//856 791//856 956//856
f 793//857 956//857 954//857
f 1001//858 1002//858 1000//858
f 793//859 954//859 953//859
f 793//860 953//860 950//860
f 1001//861 1000//861 793//861
f 741//862 780//862 1001//862
f 948//863 654//864 741//863
f 793//865 950//865 949//865
f 949//866 948//866 741//866
f 741//867 1001//867 793//867
f 756//868 760//869 981//870
f 981//871 833//871 832//872
f 832//873 796//874 979//875
f 980//876 756//877 981//876
f 832//878 979//879 980//879
f 519//880 203//881 198//882
f 198//883 505//884 508//885
f 198//886 508//887 511//888
f 518//889 519//890 198//891
f 516//892 517//893 518//894
f 510//895 513//895 516//895
f 198//896 511//897 514//897
f 514//898 510//898 516//898
f 516//899 518//900 198//901
f 188//248 204//248 110//248
f 112//248 113//248 189//248
f 188//248 110//248 112//248
f 392//249 395//249 396//249
f 396//249 394//249 393//249
f 393//249 391//249 392//249
f 409//902 407//903 525//903
f 409//904 525//905 526//905
f 527//906 116//906 270//906
f 409//907 526//908 527//908
f 109//249 106//249 284//249
f 109//249 284//249 285//249
f 109//249 285//249 286//249
f 154//249 119//249 118//249
f 310//249 311//249 154//249
f 309//249 310//249 154//249
f 154//249 118//249 114//249
f 154//249 114//249 111//249
f 308//249 309//249 154//249
f 307//249 308//249 154//249
f 154//249 111//249 109//249
f 334//249 307//249 154//249
f 333//249 334//249 154//249
f 332//249 333//249 154//249
f 331//249 332//249 154//249
f 330//249 331//249 154//249
f 329//249 330//249 154//249
f 328//249 329//249 154//249
f 327//249 328//249 154//249
f 326//249 327//249 154//249
f 326//249 154//249 109//249
f 325//249 326//249 109//249
f 324//249 325//249 109//249
f 323//249 324//249 109//249
f 322//249 323//249 109//249
f 321//249 322//249 109//249
f 320//249 321//249 109//249
f 319//249 320//249 109//249
f 318//249 319//249 109//249
f 317//249 318//249 109//249
f 316//249 317//249 109//249
f 156//249 313//249 314//249
f 101//249 99//249 146//249
f 282//249 283//249 104//249
f 281//249 282//249 104//249
f 104//249 101//249 146//249
f 156//249 314//249 315//249
f 156//249 315//249 316//249
f 280//249 281//249 104//249
f 279//249 280//249 104//249
f 158//249 156//249 316//249
f 158//249 316//249 109//249
f 278//249 279//249 104//249
f 306//249 278//249 104//249
f 158//249 109//249 286//249
f 158//249 286//249 287//249
f 305//249 306//249 104//249
f 304//249 305//249 104//249
f 158//249 287//249 288//249
f 158//249 288//249 289//249
f 303//249 304//249 104//249
f 302//249 303//249 104//249
f 146//249 158//249 289//249
f 146//909 289//909 290//909
f 302//249 104//249 146//249
f 301//249 302//249 146//249
f 146//249 290//249 291//249
f 146//249 291//249 292//249
f 300//249 301//249 146//249
f 299//249 300//249 146//249
f 146//249 292//249 293//249
f 146//249 293//249 294//249
f 298//249 299//249 146//249
f 297//249 298//249 146//249
f 146//249 294//249 295//249
f 296//249 297//249 146//249
f 1245//249 1220//249 1222//249
f 1222//249 1224//249 1247//249
f 345//249 346//249 145//249
f 145//249 142//249 140//249
f 137//249 335//249 336//249
f 137//249 336//249 337//249
f 145//249 140//249 137//249
f 344//249 345//249 145//249
f 343//249 344//249 145//249
f 137//249 337//249 338//249
f 137//249 338//249 339//249
f 343//249 145//249 137//249
f 342//249 343//249 137//249
f 137//249 339//249 340//249
f 341//249 342//249 137//249
f 120//249 119//249 154//249
f 146//249 99//249 142//249
f 1065//756 1067//756 1066//756
f 1065//756 1066//756 1064//756
f 1060//910 1061//911 1063//912
f 1063//252 1065//252 1064//252
f 1062//913 1060//914 1063//912
f 622//915 255//915 256//915
f 256//916 412//916 411//916
f 411//917 440//917 623//917
f 622//918 256//918 411//918
f 409//249 410//249 408//249
f 408//249 411//249 412//249
f 412//249 407//249 409//249
f 299//919 732//920 730//921
f 730//922 296//922 297//923
f 297//924 298//925 299//926
f 820//927 813//928 816//928
f 816//929 821//930 847//931
f 847//932 848//932 819//933
f 819//934 820//935 816//936
f 403//937 406//937 437//937
f 437//938 432//938 400//938
f 400//939 402//940 433//939
f 400//941 433//941 434//941
f 436//942 403//943 437//943
f 435//944 436//945 437//944
f 437//946 400//946 434//946
f 158//262 156//262 663//262
f 305//947 175//948 174//949
f 305//950 174//951 173//952
f 306//953 305//954 173//955
f 172//956 171//956 280//957
f 306//958 173//959 172//960
f 278//961 306//962 172//963
f 172//964 280//425 279//965
f 397//966 400//966 432//966
f 432//967 428//968 429//969
f 432//970 429//971 430//970
f 431//972 397//973 432//973
f 438//248 441//248 442//248
f 442//248 446//248 449//248
f 449//248 452//248 426//248
f 426//248 428//248 432//248
f 432//248 437//248 438//248
f 438//248 442//248 449//248
f 449//248 426//248 432//248
f 699//974 702//974 701//974
f 641//975 897//976 969//976
f 969//977 970//977 968//977
f 967//978 876//979 640//978
f 969//977 968//977 967//977
f 131//980 642//980 641//981
f 641//982 969//983 967//983
f 640//984 639//984 136//984
f 641//985 967//983 640//983
f 136//986 131//986 641//987
f 133//988 235//989 625//990
f 401//991 399//992 557//992
f 401//993 557//994 556//994
f 555//995 133//996 625//997
f 401//998 556//999 555//999
f 746//503 747//503 321//1000
f 746//1001 321//1002 322//1003
f 745//559 746//1004 322//1005
f 745//1006 322//1007 323//1008
f 325//1009 750//1010 749//1011
f 749//272 745//1012 323//272
f 324//1013 325//1014 749//1011
f 1191//274 1190//274 1192//274
f 145//275 146//275 660//275
f 142//249 99//249 101//249
f 101//1015 100//1016 141//1015
f 141//1017 140//1017 142//1017
f 1147//277 1146//277 1144//1018
f 145//280 148//280 147//280
f 743//1019 742//1020 285//1021
f 285//281 286//1022 287//248
f 287//248 288//1023 289//282
f 289//1024 743//1025 285//1026
f 150//283 148//283 667//283
f 354//1027 237//1028 236//1029
f 236//1030 358//1031 357//1032
f 357//1033 356//249 355//249
f 355//1034 354//1034 236//1035
f 649//1036 940//1036 978//1036
f 977//1037 976//1037 975//1037
f 649//1038 978//1038 977//1038
f 118//1039 114//1039 649//1039
f 648//1040 647//1040 118//1040
f 975//1041 939//1041 648//1041
f 649//1042 977//1042 975//1042
f 648//1043 118//1043 649//1043
f 703//1044 705//1044 369//1045
f 703//1046 369//1045 370//1045
f 701//1047 703//1048 370//1049
f 701//1050 370//1049 371//1051
f 373//1052 698//1053 700//1054
f 700//288 701//1055 371//1056
f 372//1052 373//1052 700//1057
f 860//1058 859//1059 820//1059
f 820//1060 819//1061 856//1060
f 856//1062 858//1062 857//1063
f 857//1064 860//1065 820//1066
f 434//1067 630//1068 632//1067
f 632//1069 631//1069 628//1069
f 626//1070 627//1071 635//1071
f 632//1072 628//1072 626//1073
f 635//1074 435//1074 434//1074
f 434//1075 632//1075 626//1076
f 1143//1077 1145//1077 1144//1078
f 1143//1079 1144//1080 1142//1081
f 1141//756 1143//755 1142//756
f 1141//756 1142//756 1140//756
f 1136//1082 1137//1083 1139//1084
f 1139//252 1141//252 1140//252
f 1138//1085 1136//1085 1139//1086
f 884//1087 770//1088 640//1087
f 884//1089 640//1089 876//1089
f 878//1090 885//1090 884//1090
f 811//1091 812//1091 877//1091
f 877//1092 878//1092 884//1092
f 884//1093 876//1093 875//1093
f 875//275 872//275 811//275
f 877//1094 884//1094 875//1094
f 1241//297 1243//297 1242//297
f 113//1095 112//1095 111//1095
f 111//249 114//249 118//249
f 118//1096 117//1096 116//1096
f 116//1097 527//1098 582//1097
f 582//1099 583//1099 502//1099
f 115//1100 113//1101 111//1101
f 582//1102 502//1102 115//1103
f 111//1104 118//1104 116//1104
f 116//1105 582//1105 115//1106
f 1023//711 1025//711 1024//711
f 1023//711 1024//711 1022//711
f 1046//1107 1047//1107 1021//1107
f 1021//300 1023//300 1022//300
f 1020//1107 1046//1107 1021//1107
f 957//1108 958//1109 965//1109
f 964//1110 917//1111 918//1110
f 957//1112 965//1113 964//1113
f 272//248 271//248 132//248
f 272//1114 132//1114 554//1114
f 436//1115 634//1115 633//1116
f 633//1117 272//1118 554//1118
f 553//530 552//530 404//1119
f 633//1120 554//1121 553//1121
f 403//1122 436//1123 633//1124
f 553//1125 404//1126 403//1127
f 326//1128 752//1129 751//1130
f 751//1131 750//1131 325//1132
f 457//1133 460//1134 459//1135
f 459//1136 186//1136 187//1137
f 187//1138 421//1139 425//1138
f 425//1140 456//1140 458//1140
f 457//1141 459//1142 187//1143
f 425//1144 458//1144 457//1145
f 804//1146 805//1147 842//1146
f 843//1148 845//1148 844//1148
f 841//1149 804//1149 842//1149
f 842//1150 843//1150 844//1150
f 521//1151 524//1152 523//1153
f 523//1154 522//1154 269//1154
f 269//1155 203//1155 519//1156
f 519//1157 518//1158 517//1158
f 517//1159 512//1160 515//1160
f 515//1161 507//1162 509//1162
f 509//1163 506//1163 520//1163
f 521//1164 523//1165 269//1165
f 509//1166 520//1166 521//1167
f 517//1168 515//1169 509//1168
f 269//1170 519//1171 517//1170
f 509//1172 521//1173 269//1172
f 762//1174 648//1175 939//1175
f 803//1176 762//1177 939//1178
f 910//903 798//1179 803//1180
f 934//1181 910//1181 803//1182
f 803//1183 939//1184 938//1184
f 803//1185 938//1186 937//1186
f 932//1187 934//1187 803//1188
f 803//1189 937//1190 935//1190
f 775//249 645//249 646//249
f 647//249 648//249 762//249
f 775//249 646//249 647//249
f 774//249 775//249 647//249
f 774//249 647//249 762//249
f 774//249 762//249 761//249
f 701//249 702//249 704//249
f 703//974 701//974 704//974
f 703//249 704//249 710//249
f 705//249 703//249 710//249
f 705//249 710//249 774//249
f 706//249 705//249 774//249
f 707//249 706//249 774//249
f 708//249 707//249 774//249
f 709//249 708//249 774//249
f 711//249 709//249 774//249
f 725//249 711//249 774//249
f 724//249 725//249 774//249
f 699//249 700//249 698//249
f 643//249 644//249 699//249
f 713//249 641//249 642//249
f 642//249 643//249 699//249
f 699//249 698//249 697//249
f 642//249 699//249 697//249
f 713//249 642//249 697//249
f 713//249 697//249 696//249
f 773//249 713//249 696//249
f 773//249 696//249 712//249
f 772//249 773//249 712//249
f 772//249 712//249 714//249
f 772//249 714//249 715//249
f 772//249 715//249 716//249
f 772//249 716//249 717//249
f 772//249 717//249 718//249
f 753//249 649//249 650//249
f 650//249 751//249 752//249
f 650//249 752//249 754//249
f 756//249 753//249 650//249
f 756//249 650//249 754//249
f 756//249 754//249 755//249
f 760//249 756//249 755//249
f 760//249 755//249 757//249
f 761//249 760//249 757//249
f 761//249 757//249 758//249
f 761//249 758//249 759//249
f 761//249 759//249 763//249
f 745//249 749//249 651//249
f 652//249 653//249 776//249
f 745//249 651//249 652//249
f 746//249 745//249 652//249
f 746//249 652//249 776//249
f 747//249 746//249 776//249
f 747//249 776//249 777//249
f 748//249 747//249 777//249
f 748//249 777//249 778//249
f 769//249 748//249 778//249
f 768//249 769//249 778//249
f 767//249 768//249 778//249
f 639//249 640//249 770//249
f 688//249 638//249 639//249
f 689//249 690//249 688//249
f 687//249 689//249 688//249
f 688//249 639//249 770//249
f 688//249 770//249 771//249
f 686//974 687//974 688//974
f 685//249 686//249 688//249
f 685//249 688//249 771//249
f 684//249 685//249 771//249
f 683//249 684//249 771//249
f 682//249 683//249 771//249
f 681//249 682//249 771//249
f 680//249 681//249 771//249
f 679//249 680//249 771//249
f 678//249 679//249 771//249
f 677//249 678//249 771//249
f 676//249 677//249 771//249
f 675//249 676//249 771//249
f 674//249 675//249 771//249
f 673//249 674//249 771//249
f 661//974 671//974 672//974
f 667//249 661//249 672//249
f 742//249 662//249 663//249
f 656//249 739//249 740//249
f 740//249 742//249 663//249
f 667//249 672//249 673//249
f 667//249 673//249 771//249
f 655//249 656//249 740//249
f 741//249 654//249 655//249
f 780//249 741//249 655//249
f 666//249 667//249 771//249
f 666//249 771//249 772//249
f 780//249 655//249 740//249
f 779//249 780//249 740//249
f 666//249 772//249 718//249
f 666//249 718//249 719//249
f 779//249 740//249 663//249
f 778//249 779//249 663//249
f 666//249 719//249 720//249
f 666//249 720//249 721//249
f 767//249 778//249 663//249
f 766//249 767//249 663//249
f 665//249 666//249 721//249
f 665//249 721//249 722//249
f 765//1191 766//1191 663//1191
f 764//249 765//249 663//249
f 665//249 722//249 723//249
f 665//249 723//249 724//249
f 764//249 663//249 664//249
f 763//249 764//249 664//249
f 664//249 665//249 724//249
f 664//249 724//249 774//249
f 761//249 763//249 664//249
f 735//1192 734//1192 302//1193
f 735//1194 302//1192 303//1195
f 305//1196 737//1197 736//1196
f 736//314 735//1198 303//314
f 304//1196 305//1196 736//1196
f 673//1199 672//1199 354//1200
f 673//1201 354//1202 355//1203
f 674//1204 673//1205 355//1204
f 674//1204 355//1204 356//1206
f 358//1030 676//1031 675//1030
f 675//315 674//1207 356//1208
f 357//1209 358//1209 675//1210
f 528//1211 394//1211 396//1212
f 529//1213 396//1214 395//1215
f 392//1216 531//1217 530//1218
f 834//1219 833//1220 981//1219
f 981//1221 996//1221 999//1222
f 999//1223 998//1224 997//1224
f 834//1225 981//1225 999//1226
f 938//1227 941//1228 942//1227
f 942//1229 915//1229 916//1229
f 931//1230 927//1230 872//1230
f 938//1231 942//1231 916//1231
f 931//1232 872//1232 875//1232
f 937//1233 938//1233 916//1233
f 936//1234 937//1235 916//1235
f 916//1236 931//1236 875//1236
f 875//1237 929//1237 966//1238
f 966//1239 896//1240 895//1241
f 966//1242 895//1243 928//1244
f 916//1245 875//1245 966//1246
f 935//1247 936//1248 916//1249
f 933//1250 934//1251 932//1252
f 932//1253 935//1254 916//1253
f 966//1255 928//1256 894//1257
f 891//1258 893//1259 930//1260
f 966//1261 894//1262 891//1263
f 933//1264 932//1265 916//1265
f 898//1266 911//1267 910//1266
f 910//1268 933//1269 916//1268
f 966//1270 891//1271 930//1272
f 892//1273 898//1266 910//1266
f 966//1274 930//1275 892//1276
f 892//1277 910//1278 916//1278
f 408//1279 441//1279 438//1279
f 438//1280 439//1281 440//1280
f 440//1282 411//1282 408//1282
f 1220//332 1218//332 1217//332
f 823//1283 988//1284 989//1284
f 993//1285 992//1286 991//1287
f 823//1288 989//1289 993//1289
f 826//1290 825//1290 823//1291
f 993//1292 991//1293 826//1292
f 229//1294 227//1295 345//1296
f 345//1297 344//1298 343//1299
f 343//1300 342//1300 229//1301
f 479//1302 103//1302 180//1302
f 417//1303 418//1304 474//1304
f 417//1305 474//1306 475//1306
f 479//1307 180//1307 417//1308
f 478//1309 479//1309 417//1310
f 417//1311 475//1312 476//1312
f 477//1313 478//1313 417//1314
f 235//1315 275//1315 629//1315
f 629//1316 433//1317 402//1318
f 402//1319 401//1320 625//1320
f 625//1321 235//1321 629//1321
f 929//1322 875//1323 876//1323
f 876//1324 967//1324 968//1324
f 970//1325 969//1325 897//1325
f 929//1326 876//1327 968//1327
f 970//1328 897//1328 896//1328
f 929//1329 968//1330 970//1330
f 896//1331 966//1331 929//1332
f 840//1333 808//1334 804//1334
f 804//1335 841//1335 836//1335
f 836//1336 838//1337 839//1336
f 839//1338 840//1339 804//1338
f 1175//1340 1176//1341 1177//1341
f 1177//662 1174//662 1192//662
f 948//275 949//275 950//275
f 950//1342 952//1342 951//1342
f 951//1343 963//1343 945//1343
f 945//1344 944//1345 943//1345
f 946//1346 947//1347 962//1348
f 945//1349 943//1350 946//1351
f 948//1352 950//1352 951//1352
f 951//1353 945//1353 946//1354
f 962//1355 961//1355 960//1355
f 951//1356 946//1357 962//1356
f 960//1358 959//1359 948//1358
f 951//1360 962//1360 960//1360
f 122//1361 117//1362 118//1361
f 118//249 119//249 120//249
f 120//1363 121//1364 122//1363
f 605//1365 606//1366 607//1367
f 607//1368 608//1368 609//1368
f 609//1369 427//1369 424//1369
f 424//1370 277//1371 276//1372
f 276//1373 605//1374 607//1375
f 607//1376 609//1376 424//1376
f 230//1377 229//1377 342//1378
f 230//1379 342//1377 341//1380
f 339//1381 232//1382 231//1381
f 231//355 230//1383 341//1384
f 340//1381 339//1381 231//1381
f 823//1385 822//1385 983//1386
f 983//1387 984//1388 985//1389
f 985//1390 986//1390 987//1390
f 987//1391 988//1391 823//1391
f 823//1392 983//1393 985//1392
f 587//1394 565//1394 138//1394
f 138//1395 135//1396 136//1397
f 137//1398 140//1398 141//1398
f 138//1399 136//1400 137//1399
f 586//1401 587//1401 138//1401
f 532//1402 574//1402 575//1402
f 575//1403 586//1403 138//1403
f 138//1404 137//1404 141//1404
f 139//1405 532//1405 575//1405
f 138//248 141//248 139//248
f 825//1406 824//1407 821//1407
f 821//1408 816//1408 818//1408
f 821//1409 818//1409 822//1410
f 823//1411 825//1412 821//1413
f 1214//361 1212//361 1211//361
f 643//1414 642//1414 131//1414
f 131//248 130//248 128//248
f 128//248 127//248 125//248
f 125//1415 644//1415 643//1415
f 643//1416 131//1416 128//1416
f 379//1417 696//1418 697//1419
f 697//1420 375//1421 376//1422
f 376//248 377//1423 378//1424
f 378//1425 379//1426 697//1427
f 718//1428 717//1428 384//1428
f 718//1428 384//1428 385//1429
f 719//1430 718//436 385//1431
f 719//1432 385//435 386//1433
f 388//1434 721//1434 720//1435
f 720//367 719//1436 386//816
f 387//500 388//500 720//1435
f 309//1437 763//1438 759//1439
f 759//1440 334//1441 307//1442
f 307//1443 308//1444 309//1445
f 867//1446 864//1446 863//1446
f 863//1447 865//1447 866//1448
f 866//1449 868//1450 869//1451
f 869//1452 870//1453 871//1454
f 871//1455 856//1456 819//1455
f 819//1457 848//1457 846//1457
f 867//1458 863//1458 866//1459
f 819//1460 846//1460 867//1460
f 869//1461 871//1462 819//1462
f 867//1463 866//1464 869//1465
f 972//1466 899//1466 644//1466
f 644//1467 125//1467 121//1467
f 121//1468 646//1468 645//1468
f 645//1469 912//1469 973//1469
f 973//1470 974//1470 971//1470
f 971//1471 972//1471 644//1471
f 644//1472 121//1472 645//1472
f 645//1473 973//1473 971//1473
f 809//1474 688//1474 690//1474
f 690//1475 691//1475 861//1476
f 861//1477 862//1478 863//1478
f 864//1479 867//1479 846//1480
f 861//1481 863//1482 864//1482
f 809//1483 690//1483 861//1484
f 864//1485 846//1486 810//1485
f 810//1487 809//1487 861//1488
f 901//1489 839//1489 838//1489
f 838//1490 837//1491 907//1490
f 907//1492 908//1493 909//1492
f 909//1494 906//1494 903//1495
f 902//1496 901//1496 838//1496
f 909//1497 903//1498 902//1497
f 838//1499 907//1499 909//1499
f 442//1500 441//1500 408//1500
f 408//1501 410//1501 443//1502
f 443//1503 444//1503 442//1504
f 137//1505 136//1505 639//1505
f 638//1506 874//1506 854//1506
f 137//1507 639//1507 638//1507
f 636//1508 140//1508 137//1508
f 638//1509 854//1509 637//1509
f 637//1510 636//1510 137//1510
f 781//1511 729//1512 995//1511
f 995//1513 994//1513 990//1514
f 990//1515 991//1516 992//1517
f 992//1518 993//1519 989//1518
f 989//1520 988//1521 987//1520
f 987//1522 781//1522 995//1522
f 995//1523 990//1524 992//1523
f 992//1525 989//1525 987//1525
f 1137//1526 1136//440 1134//1527
f 1205//386 1203//386 1202//386
f 780//1528 779//1529 1008//1528
f 1008//1530 1009//1530 1006//1530
f 1008//1531 1006//1531 1005//1531
f 1004//1532 1001//1532 780//1532
f 1008//1533 1005//1533 1003//1533
f 1003//1534 1004//1534 780//1534
f 312//1535 764//1535 763//1535
f 763//1536 309//1537 310//1536
f 310//281 311//281 312//281
f 224//248 223//248 226//248
f 790//1538 731//1538 733//1538
f 733//1539 657//1539 958//1539
f 957//1540 956//1540 791//1540
f 790//1541 733//1541 958//1541
f 957//1542 791//1542 790//1542
f 742//393 740//393 283//751
f 283//1543 284//926 285//390
f 1224//394 1222//394 1221//394
f 262//1544 384//1545 383//1546
f 760//1547 761//1548 998//1549
f 998//1550 999//1551 996//1552
f 996//1553 981//1554 760//1553
f 1219//1555 1221//1556 1222//1556
f 169//1557 168//1557 283//1558
f 169//1559 283//550 282//1560
f 280//422 171//422 170//1561
f 170//1562 169//1563 282//1564
f 281//422 280//422 170//1565
f 791//248 793//248 792//248
f 1164//402 1166//1556 1167//1556
f 416//1566 445//1566 513//1566
f 510//1567 514//1567 511//1567
f 416//1568 513//1568 510//1568
f 504//1569 503//1569 416//1569
f 508//1570 505//1571 504//1571
f 510//1572 511//1572 508//1573
f 504//1574 416//1574 510//1574
f 425//1575 421//1576 423//1576
f 423//1577 426//1577 452//1578
f 452//1579 453//1579 425//1580
f 656//1581 655//1581 104//1581
f 104//1582 101//1582 659//1582
f 658//1583 917//1583 964//1583
f 104//1584 659//1584 658//1584
f 657//1585 656//1585 104//1585
f 965//1586 958//1586 657//1586
f 658//1587 964//1587 965//1587
f 657//1588 104//1588 658//1588
f 1251//412 1253//412 1252//412
f 1182//413 1180//413 1179//413
f 242//1589 263//1589 383//1589
f 383//249 382//249 381//249
f 381//1590 380//1590 242//1590
f 785//248 788//248 789//248
f 789//248 787//248 786//248
f 786//248 784//248 785//248
f 692//1591 689//1592 345//415
f 345//248 346//248 347//248
f 266//1593 265//1594 487//1594
f 487//1595 488//1595 492//1595
f 492//1596 494//1597 266//1598
f 321//1599 188//1600 189//1601
f 189//1014 190//1014 325//1602
f 325//1603 324//249 323//1604
f 323//1605 322//1606 321//1607
f 321//1608 189//1609 325//1610
f 681//1611 680//1611 335//1612
f 681//1611 335//1613 336//1614
f 682//424 681//424 336//1615
f 682//424 336//1616 337//424
f 339//1617 684//1618 683//1619
f 683//422 682//422 337//422
f 338//1620 339//1621 683//1619
f 422//249 424//249 423//249
f 725//439 724//439 362//1612
f 725//1622 362//1613 363//1623
f 365//1624 709//1625 711//1626
f 711//424 725//1627 363//1628
f 364//1537 365//1629 711//1626
f 779//1630 778//1630 1019//1630
f 1019//275 1014//275 1012//275
f 1012//1631 1008//1631 779//1631
f 564//1632 533//1633 454//1634
f 454//1635 528//1636 529//1636
f 564//1637 454//1638 529//1637
f 562//1639 563//1639 564//1639
f 560//1640 561//1641 562//1642
f 558//1643 559//1644 560//1645
f 569//1646 556//1647 557//1648
f 570//1649 569//1649 557//1650
f 552//1651 553//1651 570//1651
f 549//1652 550//1653 551//1654
f 552//1655 570//1655 557//1656
f 545//1657 549//1658 551//1659
f 545//1660 551//1661 552//1660
f 525//1662 546//1663 545//1663
f 566//1664 571//1664 544//1664
f 544//1665 525//1666 545//1665
f 545//1667 552//1667 557//1668
f 566//1669 544//1669 545//1669
f 531//1670 566//1670 545//1670
f 530//1671 531//1671 545//1671
f 562//1672 564//1672 529//1672
f 560//1673 562//1674 529//1674
f 530//1675 545//1675 557//1676
f 558//1677 560//1678 529//1677
f 530//1679 557//1680 558//1679
f 191//919 326//429 325//1681
f 234//1682 233//1683 335//1683
f 335//249 361//1684 360//1685
f 360//1686 359//1686 234//1687
f 259//500 258//500 388//500
f 259//500 388//500 387//500
f 260//368 259//368 387//368
f 260//368 387//368 386//1688
f 384//1428 262//1428 261//1689
f 261//1690 260//436 386//1691
f 385//1428 384//1428 261//1692
f 217//425 216//425 309//1693
f 217//1694 309//956 308//1627
f 334//1695 201//1441 202//1442
f 202//439 217//1623 308//1696
f 307//1441 334//1697 202//1698
f 150//440 152//440 151//440
f 146//441 158//441 662//441
f 392//1699 391//1700 542//1701
f 566//1702 531//1703 392//1703
f 753//1704 756//1704 980//1704
f 979//1705 796//1705 795//1706
f 753//1707 980//1707 979//1708
f 940//1709 649//1709 753//1709
f 795//1710 942//1710 941//1710
f 940//1711 753//1711 979//1712
f 979//1713 795//1714 941//1714
f 842//1715 890//1716 881//1716
f 880//1717 879//1718 843//1717
f 842//1719 881//1720 880//1720
f 1099//1721 1098//1722 1096//450
f 1178//1723 1179//1723 1180//1723
f 1180//649 1177//649 1176//649
f 1247//452 1249//452 1248//452
f 283//1724 740//1725 739//1619
f 739//422 738//422 280//422
f 280//248 281//1726 282//1727
f 282//1728 283//1729 739//1730
f 555//1731 554//1731 132//1731
f 132//1732 129//1733 130//1732
f 130//249 131//249 136//249
f 136//1734 135//1734 134//1734
f 133//1731 555//1731 132//1731
f 136//1735 134//1735 133//1735
f 132//1736 130//1736 136//1736
f 574//1737 532//1738 533//1737
f 533//1739 564//1739 565//1739
f 587//1740 586//1740 575//1740
f 533//1741 565//1741 587//1741
f 587//1742 575//1742 574//1742
f 165//248 166//248 157//248
f 157//248 144//248 162//248
f 157//248 162//248 163//248
f 164//248 165//248 157//248
f 124//1743 548//1744 585//1744
f 584//1745 547//1745 123//1745
f 124//1746 585//1747 584//1747
f 130//1748 129//1748 126//1748
f 124//1749 584//1750 123//1750
f 130//1751 126//1751 124//1752
f 127//249 128//249 130//249
f 121//249 125//249 127//249
f 123//1753 122//1753 121//1753
f 130//1754 124//1755 123//1754
f 121//249 127//249 130//249
f 454//1756 422//1757 421//1758
f 421//1759 187//1760 102//1760
f 455//1761 454//1761 421//1762
f 1227//249 1225//249 1224//249
f 1224//460 1223//1763 1226//460
f 1119//1764 1118//461 1116//1765
f 1248//248 1178//248 1176//248
f 1176//248 1175//248 1231//248
f 1231//248 1164//248 1162//248
f 1231//248 1162//248 1159//248
f 1248//248 1176//248 1231//248
f 1226//248 1223//248 1248//248
f 1228//248 1226//248 1248//248
f 1248//248 1231//248 1159//248
f 1228//248 1248//248 1159//248
f 1211//248 1228//248 1159//248
f 1211//248 1159//248 1157//248
f 1213//248 1211//248 1157//248
f 1173//248 1172//248 1230//248
f 1173//248 1230//248 1234//248
f 1236//248 1206//248 1204//248
f 1157//248 1173//248 1234//248
f 1213//248 1157//248 1234//248
f 1236//248 1204//248 1202//248
f 1213//248 1234//248 1236//248
f 1215//248 1213//248 1236//248
f 1236//248 1202//248 1200//248
f 1246//248 1221//248 1219//248
f 1194//248 1238//248 1240//248
f 1196//248 1194//248 1240//248
f 1198//248 1196//248 1240//248
f 1200//248 1198//248 1240//248
f 1200//248 1240//248 1242//248
f 1246//248 1219//248 1217//248
f 1236//248 1200//248 1242//248
f 1215//248 1236//248 1242//248
f 1244//248 1246//248 1217//248
f 1215//248 1242//248 1244//248
f 853//1766 854//1766 874//1767
f 831//249 835//249 836//249
f 836//249 841//249 844//249
f 844//249 847//249 821//249
f 821//249 824//249 827//249
f 827//249 830//249 831//249
f 831//249 836//249 844//249
f 844//249 821//249 827//249
f 1152//248 1154//1768 1120//248
f 1120//248 1122//248 1124//248
f 1124//248 1126//248 1128//248
f 1128//248 1130//248 1132//248
f 1132//1769 1134//1769 1136//1769
f 1136//248 1138//248 1140//248
f 1140//248 1142//248 1144//248
f 1144//248 1146//248 1148//248
f 1148//248 1150//248 1152//248
f 1152//248 1120//248 1124//248
f 1124//248 1128//248 1132//248
f 1132//248 1136//248 1140//248
f 1140//248 1144//248 1148//248
f 1148//248 1152//248 1124//248
f 1124//248 1132//248 1140//248
f 1253//466 1233//466 1231//466
f 805//1770 806//1771 892//1771
f 805//1772 892//1773 893//1773
f 773//1774 887//1774 886//1774
f 805//1775 893//1776 891//1776
f 805//1777 891//1778 894//1778
f 773//1779 886//1779 805//1780
f 641//249 713//249 773//249
f 897//1781 641//1781 773//1781
f 805//1782 894//1783 895//1783
f 805//1784 895//1785 896//1785
f 897//1786 773//1786 805//1787
f 538//1788 542//1788 391//1789
f 470//1790 467//1791 466//1792
f 466//1793 463//1793 462//1794
f 462//1795 461//1796 183//1797
f 183//1798 185//1799 472//1800
f 472//1801 473//1801 471//1802
f 470//1803 466//1804 462//1805
f 472//1806 471//1807 470//1808
f 462//1809 183//1810 472//1811
f 227//1812 226//1768 223//248
f 223//1813 222//1813 347//1814
f 346//1815 345//599 227//1816
f 223//1817 347//1818 346//1817
f 840//1819 839//1820 901//1820
f 901//1821 905//1821 904//1822
f 274//1823 631//275 632//275
f 632//1824 630//1824 629//1824
f 629//1825 275//1825 274//1826
f 997//1827 998//1828 761//1829
f 761//1830 762//1831 803//1832
f 802//1833 834//1833 997//1834
f 761//1835 803//1836 802//1836
f 614//1837 228//1837 138//1837
f 614//1838 138//1838 565//1838
f 557//1839 399//1839 398//1839
f 559//1840 557//1840 398//1840
f 398//1841 614//1841 565//1841
f 398//1842 565//1842 564//1842
f 560//1843 559//1843 398//1843
f 561//1844 560//1844 398//1844
f 398//1845 564//1845 563//1845
f 836//1846 835//1846 799//1846
f 799//1847 801//1848 837//1847
f 837//1849 838//1849 836//1849
f 105//248 107//248 264//248
f 105//248 264//248 265//248
f 180//248 103//248 105//248
f 183//248 180//248 105//248
f 105//1850 265//1850 266//1850
f 183//248 105//248 266//248
f 205//248 108//248 110//248
f 110//248 204//248 206//248
f 110//248 206//248 207//248
f 268//248 205//248 110//248
f 268//248 110//248 207//248
f 268//248 207//248 208//248
f 267//248 268//248 208//248
f 267//248 208//248 209//248
f 267//390 209//390 210//390
f 100//248 102//248 187//248
f 277//248 139//248 141//248
f 141//248 100//248 187//248
f 141//248 187//248 186//248
f 276//248 277//248 141//248
f 223//248 224//248 221//248
f 276//248 141//248 186//248
f 223//248 221//248 276//248
f 222//248 223//248 276//248
f 220//248 222//248 276//248
f 219//248 220//248 276//248
f 218//1850 219//1850 276//1850
f 190//248 189//248 113//248
f 113//248 115//248 195//248
f 113//248 195//248 198//248
f 191//248 190//248 113//248
f 192//248 191//248 113//248
f 192//248 113//248 198//248
f 193//1769 192//1769 198//1769
f 193//248 198//248 203//248
f 194//248 193//248 203//248
f 196//248 194//248 203//248
f 197//248 196//248 203//248
f 199//248 197//248 203//248
f 200//248 199//248 203//248
f 200//248 203//248 269//248
f 201//248 200//248 269//248
f 270//248 116//248 117//248
f 202//248 201//248 269//248
f 270//248 117//248 122//248
f 217//248 202//248 269//248
f 269//248 270//248 122//248
f 122//248 123//248 256//248
f 269//248 122//248 256//248
f 216//1851 217//1851 269//1851
f 269//248 256//248 255//248
f 225//248 226//248 227//248
f 135//248 138//248 228//248
f 228//248 225//248 227//248
f 228//248 227//248 229//248
f 147//248 134//248 135//248
f 135//248 228//248 229//248
f 135//248 229//248 230//248
f 161//248 162//248 144//248
f 160//248 161//248 144//248
f 135//248 230//248 231//248
f 135//248 231//248 232//248
f 160//248 144//248 143//248
f 159//1852 160//1852 143//1852
f 147//248 135//248 232//248
f 147//248 232//248 233//248
f 157//248 166//248 167//248
f 262//248 263//248 149//248
f 261//248 262//248 149//248
f 155//248 157//248 167//248
f 155//248 167//248 168//248
f 260//248 261//248 149//248
f 259//248 260//248 149//248
f 155//248 168//248 169//248
f 155//248 169//248 170//248
f 259//248 149//248 151//248
f 258//248 259//248 151//248
f 147//248 233//248 234//248
f 147//248 234//248 236//248
f 257//248 258//248 151//248
f 253//248 257//248 151//248
f 147//248 236//248 237//248
f 147//248 237//248 238//248
f 252//248 253//248 151//248
f 251//248 252//248 151//248
f 143//248 147//248 238//248
f 143//248 238//248 218//248
f 249//248 251//248 151//248
f 248//248 249//248 151//248
f 143//248 218//248 276//248
f 143//248 276//248 186//248
f 246//248 248//248 151//248
f 126//248 245//248 246//248
f 247//248 124//248 126//248
f 250//248 247//248 126//248
f 126//248 246//248 151//248
f 159//248 143//248 186//248
f 159//248 186//248 185//248
f 184//248 159//248 185//248
f 184//248 185//248 183//248
f 182//248 184//248 183//248
f 181//248 182//248 183//248
f 179//248 181//248 183//248
f 178//248 179//248 183//248
f 177//390 178//390 183//390
f 176//1769 177//1769 183//1769
f 175//248 176//248 183//248
f 175//248 183//248 266//248
f 174//248 175//248 266//248
f 173//248 174//248 266//248
f 172//248 173//248 266//248
f 171//248 172//248 266//248
f 250//248 126//248 151//248
f 254//248 250//248 151//248
f 170//248 171//248 266//248
f 155//248 170//248 266//248
f 255//248 254//248 151//248
f 269//248 255//248 151//248
f 155//248 266//248 267//248
f 155//248 267//248 210//248
f 269//248 151//248 153//248
f 216//248 269//248 153//248
f 155//248 210//248 211//248
f 155//248 211//248 212//248
f 215//248 216//248 153//248
f 214//248 215//248 153//248
f 153//248 155//248 212//248
f 213//248 214//248 153//248
f 427//1853 609//1853 610//1853
f 610//1854 615//1855 430//1856
f 430//1857 429//1858 427//1858
f 858//1859 856//1859 871//1859
f 870//1860 693//1861 694//1862
f 858//1863 871//1863 870//1863
f 860//1864 857//1865 858//1866
f 694//1867 859//1868 860//1869
f 858//1870 870//1870 694//1871
f 1245//297 1247//297 1246//297
f 487//1872 265//1872 264//1872
f 486//1873 419//1874 420//1873
f 487//1875 264//1875 486//1875
f 420//1876 450//1876 487//1876
f 419//249 418//249 417//249
f 496//1877 495//1877 268//1877
f 268//1878 267//1879 497//1880
f 497//1881 448//1882 447//1883
f 496//1884 268//1884 497//1885
f 817//1886 815//1886 850//1886
f 817//1887 850//1887 923//1887
f 658//1888 783//1889 982//1888
f 917//1890 658//1890 982//1890
f 817//1891 923//1891 922//1891
f 817//1892 922//1892 921//1892
f 917//1893 982//1893 817//1893
f 918//1894 917//1894 817//1894
f 817//1895 921//1895 919//1895
f 1229//497 1227//497 1226//497
f 714//1896 712//1896 380//1590
f 714//1897 380//1898 381//1898
f 383//1899 716//1899 715//1900
f 715//1901 714//1902 381//499
f 382//1899 383//1899 715//1903
f 200//1904 201//1904 334//1905
f 200//1904 334//1906 333//1904
f 199//529 200//529 333//529
f 199//529 333//529 332//529
f 330//1907 196//1908 197//1909
f 197//500 199//500 332//500
f 331//1909 330//1908 197//1909
f 1215//501 1217//501 1218//501
f 219//1600 218//1600 350//1910
f 219//1911 350//1600 349//1912
f 347//1913 222//1914 220//1915
f 220//1916 219//1917 349//1918
f 348//1919 347//1914 220//1920
f 486//1921 264//1922 107//1921
f 486//1923 107//1923 485//1923
f 474//1924 418//1925 419//1926
f 481//1927 474//1927 419//1928
f 419//1929 486//1930 485//1930
f 419//1931 485//1932 484//1932
f 480//1933 481//1933 419//1934
f 483//1935 480//1935 419//1936
f 419//1937 484//1938 482//1938
f 161//1939 160//1939 292//1940
f 161//1941 292//1939 291//1942
f 289//1943 163//1944 162//598
f 162//507 161//1945 291//507
f 290//598 289//1946 162//598
f 350//1947 351//1948 669//509
f 1095//1949 1097//1949 1096//1949
f 1095//1949 1096//1949 1094//1950
f 1090//1951 1091//1952 1093//1953
f 1093//1954 1095//1955 1094//1956
f 1092//1957 1090//1957 1093//1958
f 249//1959 248//1960 369//1961
f 249//1959 369//1960 368//1959
f 251//1962 249//1962 368//1962
f 251//1962 368//1962 367//1962
f 365//1963 253//1964 252//1964
f 252//513 251//513 367//513
f 366//1965 365//1966 252//1964
f 1187//796 1185//249 1184//249
f 1184//402 1183//401 1186//1556
f 206//1967 204//1967 320//1967
f 206//1968 320//1968 319//1968
f 317//1969 208//1969 207//1969
f 207//1970 206//1970 319//1970
f 318//1971 317//1969 207//1969
f 210//1972 209//1972 316//1972
f 210//1972 316//1972 315//1973
f 211//1974 210//535 315//1975
f 211//1976 315//1977 314//1978
f 312//1962 213//1962 212//1962
f 212//517 211//1979 314//751
f 313//1962 312//1962 212//1962
f 778//1980 777//1981 1013//1982
f 1017//1983 1015//1983 1016//1984
f 778//1985 1013//1986 1017//1986
f 1018//1987 1019//1987 778//1988
f 1017//1989 1016//1990 1018//1989
f 487//1991 450//1991 448//1991
f 448//1992 497//1993 490//1994
f 489//1995 493//1995 491//1995
f 448//1996 490//1997 489//1996
f 488//1998 487//1999 448//1999
f 494//2000 492//2000 488//2001
f 489//2002 491//2002 494//2002
f 488//2003 448//2004 489//2004
f 1009//2005 1008//2005 1012//2006
f 1012//2007 829//2008 828//2008
f 1007//2009 1006//2009 1009//2009
f 1012//2010 828//2011 1007//2011
f 254//2012 595//2013 602//2014
f 602//2015 603//2015 600//2016
f 600//2017 601//2017 599//2017
f 600//2018 599//2018 598//2018
f 254//2019 602//2020 600//2019
f 589//2021 250//2022 254//2023
f 596//2024 597//2024 589//2025
f 600//2026 598//2026 596//2027
f 596//2028 589//2029 254//2030
f 121//1424 120//248 119//248
f 119//2031 118//2032 647//2031
f 647//2033 646//2034 121//2035
f 1197//501 1196//501 1198//501
f 415//249 414//249 413//249
f 755//2036 754//1908 330//2037
f 755//2038 330//2039 331//1909
f 757//500 755//2040 331//500
f 757//500 331//500 332//500
f 334//1904 759//1906 758//1904
f 758//529 757//529 332//529
f 333//1904 334//1904 758//1904
f 154//530 152//530 665//530
f 651//249 749//249 750//249
f 750//249 751//249 650//249
f 1051//2041 1050//2042 1048//532
f 795//248 796//248 797//248
f 807//248 806//248 805//248
f 805//248 804//248 808//248
f 765//2043 764//2043 312//2043
f 765//1962 312//1962 313//2044
f 766//518 765//517 313//2045
f 766//751 313//518 314//2046
f 316//1972 768//1972 767//2047
f 767//1974 766//1978 314//2048
f 315//1972 316//1972 767//2049
f 812//248 811//248 809//248
f 817//248 818//248 816//248
f 816//248 813//248 814//248
f 814//248 815//248 817//248
f 790//2050 792//2050 827//2050
f 827//2051 824//2051 825//2051
f 826//2052 790//2053 827//2053
f 595//2054 254//2055 255//2055
f 255//2056 622//2056 623//2056
f 623//2057 624//2058 621//2057
f 621//2059 620//2059 591//2059
f 593//2060 592//2060 594//2061
f 621//2062 591//2062 593//2062
f 255//2063 623//2063 621//2063
f 603//2064 602//2065 595//2066
f 595//2067 255//2068 621//2068
f 621//2069 593//2069 594//2070
f 594//2071 604//2072 603//2072
f 603//2073 595//2074 621//2073
f 744//440 743//440 289//440
f 289//390 290//390 291//390
f 291//1942 292//1942 744//1942
f 1019//2075 1018//2076 1016//2077
f 1015//2078 1017//2078 1013//2078
f 1014//2079 1019//2080 1016//2081
f 1016//2082 1015//2082 1013//2082
f 1011//2083 1010//2084 794//2085
f 1016//2086 1013//2086 1011//2087
f 1012//2088 1014//2089 1016//2088
f 794//2090 829//2091 1012//2090
f 1012//2092 1016//2092 1011//2093
f 205//2094 268//2095 495//2095
f 495//2096 496//2096 447//2097
f 414//2098 415//2099 498//2099
f 495//2100 447//2101 414//2102
f 108//2103 205//2104 495//2105
f 500//2106 108//2107 495//2106
f 495//2108 414//2109 498//2108
f 499//2110 500//2110 495//2110
f 1115//545 1114//545 1112//2111
f 159//547 293//547 292//1914
f 214//513 213//513 312//513
f 214//513 312//513 311//2112
f 309//1536 216//1536 215//2113
f 215//550 214//2114 311//2115
f 310//1629 309//1536 215//2116
f 1171//460 1169//460 1168//460
f 405//2117 404//2118 552//2118
f 405//2119 552//2120 550//2120
f 589//2121 590//2121 588//2122
f 405//2123 550//2124 549//2124
f 548//2125 124//2125 247//2126
f 405//2127 549//2128 548//2128
f 589//2129 588//2130 405//2131
f 247//2132 250//2133 589//2133
f 405//2134 548//2135 247//2136
f 198//248 195//783 115//248
f 198//2137 115//2137 502//2137
f 504//1710 505//2138 198//1710
f 415//2139 416//2139 503//2140
f 503//2141 504//2141 198//2141
f 503//2142 198//2142 502//2142
f 501//1710 498//1710 415//2143
f 503//2144 502//2144 501//2144
f 1087//711 1089//711 1088//711
f 1087//711 1088//711 1086//711
f 1118//2145 1119//2146 1085//2147
f 1085//300 1087//300 1086//300
f 1084//2148 1118//2148 1085//2147
f 152//530 154//530 153//530
f 727//2149 726//2149 293//2150
f 727//2149 293//1002 294//2151
f 296//2152 730//2153 728//2153
f 728//558 727//558 294//2154
f 295//2155 296//1948 728//2153
f 177//2156 176//2156 302//2157
f 177//2158 302//2156 301//2159
f 299//2160 179//2161 178//2162
f 178//562 177//563 301//2163
f 300//2164 299//1028 178//2165
f 106//2166 104//2166 655//2166
f 654//2167 948//2167 959//2168
f 106//2169 655//2169 654//2169
f 652//2170 109//2170 106//2170
f 962//2171 947//2172 653//2171
f 653//2173 652//2173 106//2173
f 653//2174 106//2174 654//2174
f 961//2175 962//2175 653//2175
f 959//2176 960//2177 961//2177
f 653//2178 654//2178 959//2179
f 913//2180 927//2180 786//2181
f 925//2182 849//2183 855//2182
f 922//2184 923//2185 924//2186
f 920//2187 921//2188 922//2189
f 918//2190 919//2191 920//2192
f 956//2193 957//2194 918//2194
f 953//2195 954//2196 955//2196
f 956//2197 918//2198 920//2199
f 956//2200 920//2201 922//2202
f 956//2203 922//2204 924//2205
f 956//2206 924//2207 850//2208
f 952//2209 950//2210 953//2211
f 963//2212 951//2213 952//2214
f 944//2215 945//2216 963//2215
f 942//2217 943//2218 944//2218
f 914//2219 915//2219 942//2220
f 872//2221 927//2221 913//2221
f 914//2222 942//2223 944//2222
f 873//2224 872//2224 913//2224
f 914//2225 944//2225 963//2225
f 873//2226 913//2226 914//2226
f 851//2227 853//2227 873//2227
f 926//2228 851//2229 873//2229
f 914//2230 963//2230 952//2231
f 914//2232 952//2233 953//2234
f 852//2235 926//2236 873//2237
f 855//2238 852//2239 873//2238
f 914//2240 953//2241 955//2240
f 914//2242 955//2242 956//2243
f 925//2244 855//2244 873//2244
f 914//2245 956//2246 850//2247
f 850//2248 925//2249 873//2249
f 1081//2250 1083//2250 1082//2251
f 1081//2252 1082//2250 1080//2253
f 1079//2254 1081//2255 1080//2254
f 1079//2254 1080//2254 1078//2254
f 1074//2256 1075//2257 1077//2258
f 1077//571 1079//571 1078//571
f 1076//2257 1074//2257 1077//2258
f 194//2259 196//2259 330//2260
f 194//2259 330//2261 329//2262
f 193//2263 194//2263 329//2264
f 193//2263 329//562 328//563
f 326//2265 191//2265 192//2266
f 192//573 193//574 328//2267
f 327//2265 326//2265 192//2268
f 129//248 132//248 271//248
f 129//248 271//248 272//248
f 245//248 126//248 129//248
f 244//248 245//248 129//248
f 244//248 129//248 272//248
f 243//248 244//248 272//248
f 243//248 272//248 273//248
f 239//248 243//248 273//248
f 240//248 239//248 273//248
f 241//248 240//248 273//248
f 242//248 241//248 273//248
f 149//248 263//248 242//248
f 133//248 134//248 147//248
f 235//248 133//248 147//248
f 147//248 149//248 242//248
f 147//248 242//248 273//248
f 275//248 235//248 147//248
f 147//248 273//248 274//248
f 1046//248 1020//248 1022//248
f 1022//248 1024//248 1026//248
f 1026//248 1028//248 1030//248
f 1030//248 1032//248 1034//248
f 1034//248 1036//248 1038//248
f 1038//248 1040//248 1042//248
f 1042//390 1044//390 1046//390
f 1046//248 1022//248 1026//248
f 1026//248 1030//248 1034//248
f 1034//248 1038//248 1042//248
f 1042//248 1046//248 1026//248
f 156//262 158//262 157//262
f 1165//332 1163//332 1162//332
f 777//249 776//249 653//249
f 777//2269 653//2269 947//2269
f 1011//2270 1013//530 777//530
f 795//2271 794//2271 1010//2271
f 1010//2272 1011//2273 777//2272
f 1010//2274 777//2274 947//2274
f 943//530 942//530 795//530
f 1010//2275 947//2275 946//2275
f 943//2276 795//2276 1010//2276
f 828//2277 793//2278 1000//2277
f 1002//2279 1001//2279 1004//2280
f 828//2281 1000//2281 1002//2281
f 1005//275 1006//275 1007//275
f 1004//2282 1003//2283 1005//2284
f 1007//2285 828//2285 1002//2285
f 1004//2286 1005//2287 1007//2287
f 678//1686 677//1686 359//2288
f 678//2289 359//1686 360//2290
f 335//2291 680//2291 679//2292
f 679//2293 678//2294 360//2295
f 361//2291 335//2291 679//2296
f 114//248 111//248 109//248
f 109//2297 652//2297 651//2297
f 650//2298 649//2299 114//2298
f 109//2300 651//2300 650//2300
f 493//2301 489//2302 490//2303
f 490//2304 497//2305 267//2306
f 267//2307 266//2308 494//2309
f 494//2310 491//2311 493//2310
f 493//2312 490//2313 267//2314
f 670//2315 669//2315 351//2315
f 670//2315 351//2315 352//2316
f 354//2317 672//761 671//761
f 671//2318 670//2318 352//2319
f 353//2320 354//759 671//761
f 1235//588 1237//588 1236//588
f 797//2321 796//2321 832//2321
f 832//2322 831//2322 830//2322
f 448//2323 450//2323 449//2323
f 449//2324 446//2324 413//2324
f 413//2325 414//2326 447//2325
f 447//2327 448//2327 449//2327
f 842//2328 805//2329 886//2329
f 887//2330 773//2330 772//2331
f 842//2332 886//2333 887//2333
f 889//2334 890//2335 842//2335
f 887//2336 772//2337 888//2336
f 888//2338 889//2338 842//2339
f 801//248 799//248 802//248
f 803//248 798//248 800//248
f 801//248 802//248 803//248
f 256//2340 123//2341 547//2341
f 546//1540 525//1540 407//1540
f 412//2342 256//2343 547//2344
f 546//2345 407//2345 412//2346
f 293//2347 159//2348 184//2349
f 184//2350 296//2351 295//2352
f 295//2353 294//2354 293//2355
f 245//2356 244//2356 375//2357
f 374//1815 373//599 246//1816
f 245//2356 375//2358 374//2356
f 835//2359 831//2359 832//2359
f 835//2360 832//2360 833//2360
f 802//2361 799//2361 835//2361
f 835//2362 833//2362 834//2362
f 351//2363 238//2364 237//2364
f 237//2365 354//759 353//761
f 353//2366 352//2367 351//2368
f 1091//604 1090//604 1088//2369
f 1200//1555 1202//1556 1203//1556
f 1060//248 1062//248 1064//248
f 1064//248 1066//248 1068//248
f 1068//1769 1070//1769 1072//1769
f 1072//248 1074//248 1076//248
f 1076//248 1078//248 1080//248
f 1080//248 1082//248 1048//248
f 1048//248 1050//248 1052//248
f 1052//248 1054//248 1056//248
f 1056//1769 1058//1769 1060//1769
f 1060//248 1064//248 1068//248
f 1068//248 1072//248 1076//248
f 1076//248 1080//248 1048//248
f 1048//248 1052//248 1056//248
f 1056//248 1060//248 1068//248
f 1068//248 1076//248 1048//248
f 1233//412 1232//412 1230//412
f 362//2370 257//2371 253//2372
f 253//1624 365//1629 364//1626
f 364//1298 363//2373 362//2374
f 164//2375 163//2375 289//2376
f 164//2375 289//2377 288//2375
f 165//2378 164//2378 288//2378
f 165//2378 288//2378 287//2378
f 285//2379 167//1047 166//2380
f 166//288 165//609 287//609
f 286//2379 285//2379 166//2381
f 744//2382 292//547 293//547
f 913//2383 787//2383 789//2384
f 914//2385 789//2386 788//2387
f 785//2388 916//2388 915//2389
f 592//2390 593//2390 591//2390
f 620//2391 621//2392 624//2393
f 591//2394 620//2395 624//2394
f 624//2396 623//2396 440//2397
f 440//2398 439//2399 601//2400
f 601//2401 600//2401 603//2401
f 604//2402 594//2403 592//2403
f 601//2404 603//2405 604//2406
f 591//2407 624//2407 440//2408
f 601//2409 604//2410 592//2411
f 592//2412 591//2412 440//2413
f 420//2414 417//2414 451//2415
f 451//2416 453//2417 452//2418
f 452//2419 449//2420 450//2421
f 450//2422 420//2423 451//2424
f 1038//626 1036//626 1037//626
f 1129//280 1128//2425 1126//280
f 454//2426 455//2427 535//2428
f 535//2429 576//2429 536//2430
f 536//2431 479//2431 478//2432
f 478//2433 477//2434 534//2435
f 476//2436 475//2437 537//2438
f 536//2439 478//2440 534//2441
f 535//2442 536//2443 534//2444
f 528//2445 454//2446 535//2445
f 538//2447 528//2447 535//2447
f 535//2448 534//2449 476//2450
f 535//2451 476//2452 537//2453
f 542//2454 538//2454 535//2454
f 571//2455 566//2456 542//2455
f 572//2457 568//2458 567//2458
f 567//2459 571//2459 542//2459
f 542//2460 535//2460 537//2461
f 542//2462 537//2463 474//2462
f 572//2464 567//2465 542//2465
f 543//2466 573//2466 572//2467
f 498//2468 501//2469 543//2469
f 577//2470 499//2471 498//2472
f 484//2473 541//2473 577//2473
f 540//2474 482//2475 484//2475
f 540//2476 484//2477 577//2477
f 498//2478 543//2479 572//2480
f 540//2481 577//2482 498//2483
f 483//2484 540//2485 498//2486
f 498//2487 572//2488 542//2489
f 542//2490 474//2490 539//2490
f 539//2491 481//2492 480//2491
f 480//2493 483//2494 498//2495
f 498//2496 542//2497 539//2497
f 272//2498 633//2498 634//2498
f 634//2499 436//2500 435//2501
f 635//2502 273//2503 272//2502
f 634//2504 435//2505 635//2504
f 428//2506 426//2507 423//2506
f 423//2508 424//2509 427//2510
f 427//2511 429//2512 428//2513
f 1195//249 1197//249 1241//249
f 1193//2514 1209//2515 1208//2516
f 535//2517 455//2518 102//2517
f 102//2519 100//2519 101//2520
f 101//2521 104//2522 105//2522
f 103//2523 479//2524 536//2523
f 101//2525 105//2526 103//2526
f 576//2527 535//2527 102//2527
f 102//2528 101//2529 103//2528
f 103//2530 536//2530 576//2530
f 148//280 145//280 661//280
f 573//2531 543//2531 501//2531
f 501//2532 502//2533 583//2532
f 583//2534 582//2535 527//2536
f 527//2537 526//2538 525//2539
f 525//2540 544//2540 571//2540
f 571//2541 567//2541 568//2542
f 568//2543 572//2544 573//2545
f 573//2546 501//2546 583//2546
f 583//2547 527//2548 525//2547
f 525//2549 571//2549 568//2550
f 568//2551 573//2552 583//2552
f 1239//642 1241//642 1240//642
f 691//2553 693//2554 870//2554
f 870//2555 869//2555 868//2556
f 868//2557 866//2558 865//2558
f 865//2559 863//2560 862//2561
f 862//2562 861//2563 691//2564
f 691//2565 870//2566 868//2567
f 868//2568 865//2569 862//2570
f 548//2571 549//2571 545//2571
f 545//2572 546//2573 547//2572
f 547//2574 584//2574 585//2575
f 585//2576 548//2577 545//2577
f 1216//649 1214//649 1213//649
f 605//2578 276//2579 221//2578
f 619//2580 616//2580 618//2580
f 606//2581 605//2582 221//2582
f 608//2583 607//2584 606//2585
f 610//2586 609//2587 608//2588
f 613//2589 615//2590 610//2591
f 221//2592 619//2592 618//2592
f 618//2593 613//2594 610//2593
f 610//2595 608//2596 606//2597
f 606//2598 221//2599 618//2599
f 994//2600 995//2601 729//2600
f 729//2602 731//2602 790//2603
f 790//2604 826//2605 991//2606
f 990//2607 994//2607 729//2607
f 790//2608 991//2609 990//2610
f 248//1294 246//2611 373//2612
f 373//655 372//2613 371//2614
f 371//1298 370//419 369//657
f 369//736 248//2615 373//2611
f 406//2616 405//2616 439//2616
f 439//2617 438//2617 437//2617
f 1207//660 1206//660 1208//660
f 912//2618 911//2618 898//2618
f 898//2619 899//2620 972//2619
f 972//2621 971//2621 974//2621
f 974//2622 973//2622 912//2622
f 898//2623 972//2623 974//2623
f 152//440 150//440 666//440
f 1210//662 1194//662 1195//662
f 445//2624 444//2625 443//2626
f 443//2627 523//2628 524//2629
f 524//2630 521//2631 520//2630
f 506//2632 509//2632 507//2633
f 524//2634 520//2634 506//2634
f 445//2635 443//2636 524//2635
f 517//2637 516//2637 513//2637
f 445//2638 524//2638 506//2638
f 507//2639 515//2639 512//2640
f 445//2641 506//2641 507//2642
f 517//2643 513//2643 445//2643
f 445//2644 507//2645 512//2644
f 555//2646 556//2647 569//2646
f 569//2648 570//2648 553//2648
f 553//2649 554//2649 555//2649
f 883//2650 881//2651 890//2651
f 889//2652 888//2653 772//2652
f 883//2654 890//2651 889//2651
f 771//2655 882//2655 883//2656
f 889//2657 772//2657 771//2657
f 710//2658 704//2659 900//2660
f 900//2661 807//2662 808//2663
f 808//2664 840//2665 904//2665
f 904//2666 710//2667 900//2668
f 242//671 380//2669 379//671
f 176//2670 175//314 305//2671
f 305//2355 304//1191 303//2672
f 303//1192 302//1192 176//1193
f 1045//1765 1047//1765 1046//1765
f 1045//1765 1046//1765 1044//2673
f 1040//2674 1041//789 1043//2675
f 1043//675 1045//675 1044//2676
f 1042//789 1040//789 1043//2675
f 433//2677 629//2677 630//2677
f 1053//2678 1052//679 1050//680
f 908//2679 774//2679 710//2679
f 710//2680 904//2680 905//2681
f 905//2682 901//2683 902//2684
f 905//2685 902//2686 903//2687
f 908//2688 710//2688 905//2689
f 906//2690 909//2690 908//2690
f 905//2691 903//2692 906//2692
f 1243//588 1245//588 1244//588
f 690//249 689//249 692//249
f 690//249 692//249 668//249
f 691//249 690//249 668//249
f 693//249 691//249 668//249
f 694//249 693//249 668//249
f 636//249 637//249 695//249
f 783//249 658//249 659//249
f 636//249 695//249 694//249
f 783//249 659//249 636//249
f 782//249 783//249 636//249
f 782//249 636//249 694//249
f 670//249 671//249 661//249
f 662//249 742//249 743//249
f 662//249 743//249 744//249
f 669//249 670//249 661//249
f 668//249 669//249 661//249
f 660//249 662//249 744//249
f 660//249 744//249 726//249
f 668//249 661//249 660//249
f 694//249 668//249 660//249
f 660//249 726//249 727//249
f 660//249 727//249 728//249
f 782//249 694//249 660//249
f 781//249 782//249 660//249
f 660//249 728//249 730//249
f 660//249 730//249 732//249
f 729//249 781//249 660//249
f 731//249 729//249 660//249
f 660//249 732//249 734//249
f 731//249 660//249 734//249
f 656//249 657//249 733//249
f 733//249 731//249 734//249
f 733//249 734//249 735//249
f 738//249 739//249 656//249
f 737//249 738//249 656//249
f 656//249 733//249 735//249
f 736//249 737//249 656//249
f 1117//262 1116//262 1114//262
f 240//1007 241//1007 379//2693
f 240//2694 379//1007 378//1004
f 239//503 240//2695 378//1001
f 239//2696 378//1002 377//2697
f 375//2698 244//2699 243//1422
f 243//683 239//2700 377//683
f 376//2701 375//1421 243//1422
f 578//2702 485//2703 107//2704
f 107//2705 105//2705 104//2705
f 104//249 106//249 109//249
f 109//2706 111//2707 112//2708
f 109//2709 112//2710 110//2709
f 107//2711 104//2711 109//2711
f 581//2712 579//2712 578//2713
f 109//2714 110//2714 108//2715
f 108//2716 500//2717 580//2718
f 580//2712 581//2712 578//2719
f 107//2720 109//2720 108//2721
f 108//2722 580//685 578//2723
f 1229//688 1228//688 1211//2724
f 1049//2725 1048//2726 1082//692
f 616//2727 619//2727 617//2727
f 612//2728 611//2728 431//2729
f 616//2730 617//2730 612//2730
f 613//2731 618//2732 616//2733
f 430//2734 615//2735 613//2736
f 612//2737 431//2738 430//2739
f 613//2740 616//2741 612//2741
f 469//2742 465//2743 464//2744
f 468//2745 467//2746 470//2745
f 469//2747 464//2748 468//2749
f 453//2750 451//2751 469//2752
f 456//2753 425//2753 453//2754
f 473//2755 472//2755 456//2755
f 468//2756 470//2756 471//2756
f 473//2757 456//2757 453//2758
f 468//2759 471//2759 473//2759
f 453//2760 469//2761 468//2762
f 375//2763 697//2764 698//1592
f 698//2765 373//598 374//2766
f 342//2767 685//2768 684//2768
f 684//1381 339//1382 340//2769
f 340//2770 341//2771 342//2772
f 312//249 313//249 156//249
f 156//249 154//249 311//249
f 1166//394 1168//394 1169//394
f 258//2773 257//2773 362//2773
f 362//249 390//1298 389//249
f 389//529 388//529 258//529
f 695//2774 637//2774 854//2774
f 814//2775 695//2775 854//2775
f 850//2776 815//2776 814//2776
f 849//2777 850//2777 814//2777
f 814//2778 854//2778 853//2778
f 814//2779 853//2779 851//2779
f 855//2780 849//2780 814//2780
f 814//2781 851//2781 852//2781
f 686//1044 685//1044 342//2782
f 686//2783 342//2784 343//2785
f 345//2786 689//2787 687//2788
f 687//2789 686//2790 343//2791
f 344//2792 345//2787 687//2793
f 358//709 359//709 677//816
f 1125//2794 1127//2794 1126//2795
f 1125//2796 1126//2797 1124//2798
f 1120//300 1121//300 1123//300
f 1123//711 1125//2799 1124//711
f 1122//300 1120//300 1123//300
f 1181//712 1183//712 1184//712
f 1237//466 1239//466 1238//466
f 404//249 405//249 406//249
f 1103//2800 1105//2800 1104//2801
f 1103//2802 1104//2803 1102//2804
f 1098//2805 1099//718 1101//718
f 1101//384 1103//2806 1102//384
f 1100//719 1098//719 1101//718
f 541//2807 484//2808 485//2807
f 485//2809 578//2809 579//2809
f 581//2810 580//2810 500//2810
f 541//2811 485//2811 579//2811
f 581//2812 500//2812 499//2812
f 541//2813 579//2813 581//2813
f 499//2814 577//2814 541//2814
f 146//275 145//275 143//275
f 1055//249 1053//249 1051//249
f 1051//249 1049//249 1083//249
f 1083//249 1081//249 1079//249
f 1079//249 1077//249 1075//249
f 1075//249 1073//249 1071//249
f 1071//249 1069//249 1067//249
f 1067//249 1065//249 1063//249
f 1063//249 1061//249 1059//249
f 1059//249 1057//249 1055//249
f 1055//249 1051//249 1083//249
f 1083//249 1079//249 1075//249
f 1075//249 1071//249 1067//249
f 1067//249 1063//249 1059//249
f 1059//249 1055//249 1083//249
f 1083//249 1075//249 1067//249
f 1194//649 1196//649 1197//649
f 1027//715 1026//715 1024//2815
f 636//2816 659//2816 101//2816
f 142//2817 140//2817 636//2817
f 1059//1527 1061//1527 1060//1527
f 1059//1527 1060//1527 1058//2818
f 1054//2819 1055//2820 1057//2821
f 1057//718 1059//718 1058//2805
f 1056//2822 1054//2822 1057//2821
f 445//2823 416//2824 413//2824
f 413//2825 446//2825 442//2825
f 442//2826 444//2827 445//2828
f 1041//262 1040//262 1038//262
f 931//2829 916//2830 785//2830
f 775//2831 774//2832 908//2832
f 907//2833 837//2834 801//2835
f 775//2836 908//2837 907//2838
f 801//2839 800//2839 775//2840
f 1179//248 1178//248 1248//248
f 1231//248 1175//248 1192//248
f 1231//248 1192//248 1190//248
f 1181//248 1179//248 1248//248
f 1183//248 1181//248 1248//248
f 1252//248 1231//248 1190//248
f 1252//248 1190//248 1188//248
f 1183//248 1248//248 1250//248
f 1252//248 1188//248 1186//248
f 1186//248 1183//248 1250//248
f 1173//2841 1156//2841 1171//2841
f 1171//2842 1170//2842 1172//2842
f 1149//730 1148//730 1146//2843
f 1184//249 1185//249 1251//249
f 1249//249 1180//249 1182//249
f 1182//249 1184//249 1251//249
f 424//2844 422//2845 454//2845
f 424//2846 454//2847 533//2847
f 532//2848 139//2848 277//2849
f 424//2850 533//2851 532//2851
f 900//2852 704//2852 702//2852
f 702//249 699//249 644//249
f 702//2853 644//2853 899//2853
f 892//2854 806//2855 807//2854
f 898//2856 892//2856 807//2856
f 900//2857 702//2857 899//2857
f 899//2858 898//2858 807//2858
f 768//2859 316//2860 317//785
f 781//2861 987//2861 986//2861
f 986//2862 985//2862 984//2863
f 984//2864 983//2865 782//2866
f 782//2867 781//2868 986//2868
f 402//249 400//249 397//249
f 398//249 399//249 401//249
f 402//249 397//249 398//249
f 809//1839 811//1839 872//1839
f 809//2869 872//2869 873//2869
f 874//2870 638//2870 688//2870
f 809//2871 873//2871 874//2871
f 158//441 146//441 144//441
f 1031//2872 1033//2872 1032//2873
f 1031//2874 1032//2872 1030//2820
f 1026//2875 1027//2876 1029//2877
f 1029//742 1031//2878 1030//742
f 1028//2876 1026//2876 1029//2877
f 130//249 128//249 378//249
f 130//249 378//249 379//249
f 131//249 130//249 379//249
f 131//249 379//249 380//249
f 335//249 137//249 136//249
f 131//249 380//249 381//249
f 335//249 136//249 131//249
f 361//249 335//249 131//249
f 131//249 381//249 382//249
f 131//249 382//249 383//249
f 360//249 361//249 131//249
f 359//249 360//249 131//249
f 131//249 383//249 384//249
f 358//249 359//249 131//249
f 357//249 358//249 131//249
f 145//249 346//249 347//249
f 121//249 120//249 152//249
f 374//249 127//249 125//249
f 125//249 121//249 152//249
f 145//249 347//249 348//249
f 145//249 348//249 349//249
f 373//249 374//249 125//249
f 372//249 373//249 125//249
f 145//249 349//249 350//249
f 145//249 350//249 351//249
f 372//249 125//249 152//249
f 371//249 372//249 152//249
f 145//249 351//249 352//249
f 145//249 352//249 353//249
f 370//249 371//249 152//249
f 369//249 370//249 152//249
f 148//249 145//249 353//249
f 148//249 353//249 354//249
f 368//249 369//249 152//249
f 367//249 368//249 152//249
f 148//249 354//249 355//249
f 148//249 355//249 356//249
f 366//249 367//249 152//249
f 365//249 366//249 152//249
f 150//249 148//249 356//249
f 150//249 356//249 357//249
f 364//249 365//249 152//249
f 363//249 364//249 152//249
f 150//249 357//249 131//249
f 150//249 131//249 384//249
f 362//249 363//249 152//249
f 390//249 362//249 152//249
f 150//249 384//249 385//249
f 150//249 385//249 386//249
f 389//249 390//249 152//249
f 388//249 389//249 152//249
f 150//249 386//249 387//249
f 387//249 388//249 152//249
f 148//283 150//283 149//283
f 941//2879 938//2879 939//2879
f 939//2880 975//2880 976//2880
f 976//2881 977//2881 978//2881
f 978//2882 940//2883 941//2882
f 941//2884 939//2884 976//2884
f 1189//394 1187//394 1186//394
f 1201//332 1199//332 1198//332
f 119//248 120//248 152//248
f 1073//2885 1075//2885 1074//2886
f 1073//2885 1074//2887 1072//2885
f 1071//545 1073//545 1072//545
f 1071//545 1072//545 1070//545
f 1066//2888 1067//2889 1069//2890
f 1069//745 1071//745 1070//745
f 1068//2889 1066//2889 1069//2890
f 794//2891 797//2891 830//2891
f 830//2892 827//2892 792//2892
f 792//2893 793//2893 828//2894
f 829//2895 794//2896 830//2896
f 830//2897 792//2897 828//2898
f 168//392 167//393 285//2899
f 377//249 378//249 128//249
f 128//249 127//249 374//249
f 128//249 374//249 375//249
f 376//249 377//249 128//249
f 1177//249 1180//249 1249//249
f 1249//249 1247//249 1224//249
f 1249//249 1224//249 1225//249
f 1174//249 1177//249 1249//249
f 1249//249 1225//249 1227//249
f 1249//249 1227//249 1229//249
f 1249//249 1229//249 1212//249
f 1249//249 1212//249 1214//249
f 1218//249 1220//249 1245//249
f 1216//249 1218//249 1245//249
f 1214//249 1216//249 1245//249
f 1214//249 1245//249 1243//249
f 1249//249 1214//249 1243//249
f 1241//249 1197//249 1199//249
f 1241//249 1199//249 1201//249
f 1249//2900 1243//2900 1241//2900
f 1174//249 1249//249 1241//249
f 1241//249 1201//249 1203//249
f 1174//249 1241//249 1203//249
f 1174//249 1203//249 1205//249
f 1174//249 1205//249 1207//249
f 1174//249 1207//249 1209//249
f 1193//249 1195//249 1239//249
f 1209//249 1193//249 1239//249
f 1237//249 1161//249 1163//249
f 1209//249 1239//249 1237//249
f 1174//249 1209//249 1237//249
f 1237//249 1163//249 1165//249
f 1237//249 1165//249 1167//249
f 1191//249 1174//249 1237//249
f 1156//249 1158//249 1235//249
f 1251//249 1185//249 1187//249
f 1251//249 1187//249 1189//249
f 1156//249 1235//249 1232//249
f 1171//249 1156//249 1232//249
f 1169//249 1171//249 1232//249
f 1167//249 1169//249 1232//249
f 1167//249 1232//249 1233//249
f 1253//249 1251//249 1189//249
f 1237//249 1167//249 1233//249
f 1253//249 1189//249 1191//249
f 1191//249 1237//249 1233//249
f 599//2901 601//2902 439//2902
f 439//2903 405//2904 588//2905
f 590//2906 589//2907 597//2908
f 439//2909 588//2910 590//2910
f 598//2911 599//2911 439//2912
f 597//2913 596//2914 598//2915
f 439//2916 590//2917 597//2918
f 1104//1084 1105//1083 1107//1084
f 1104//2919 1107//2919 1109//2919
f 1106//2920 1104//2920 1109//2920
f 1111//1077 1113//1077 1112//2921
f 1106//2922 1109//2922 1111//2923
f 1108//2924 1106//2924 1111//2925
f 1111//1079 1112//2890 1110//1081
f 383//2926 384//395 717//2927
f 181//2928 179//2928 299//2929
f 181//2930 299//2928 298//2931
f 296//2932 184//922 182//922
f 182//761 181//2933 298//2934
f 297//2935 296//2936 182//922
f 927//2937 931//2937 784//2938
f 1191//460 1189//460 1188//460
f 1163//249 1161//249 1160//249
f 1160//501 1159//501 1162//501
f 800//2939 798//2940 910//2940
f 800//2941 910//2942 911//2942
f 912//2943 645//2943 775//2943
f 800//2944 911//2945 912//2945
f 528//2946 538//2946 393//2947
f 330//2948 754//262 752//262
f 752//2265 326//2949 327//2266
f 327//2950 328//248 329//1444
f 329//2951 330//2952 752//2953
f 1035//2954 1034//2955 1032//2955
f 1055//283 1054//283 1052//283
f 270//2956 269//2956 522//2956
f 522//2957 523//2957 443//2958
f 410//2959 409//2960 270//2960
f 522//2961 443//2962 410//2963
f 812//2964 810//2964 846//2964
f 846//2965 848//2965 847//2965
f 847//2966 844//2967 845//2968
f 845//2969 843//2970 879//2971
f 879//2972 880//2973 881//2974
f 881//2975 883//2975 882//2975
f 771//2976 770//2977 884//2978
f 771//2979 884//2980 885//2981
f 881//2982 882//2982 771//2983
f 845//2984 879//2985 881//2986
f 846//2987 847//2987 845//2988
f 878//2989 877//2990 812//2991
f 812//2992 846//2992 845//2993
f 881//2994 771//2995 885//2994
f 878//2996 812//2997 845//2998
f 881//2999 885//2999 878//3000
f 738//3001 737//3002 305//3003
f 305//3004 306//390 278//3005
f 278//1443 279//3006 280//3005
f 280//3001 738//3007 305//3008
f 317//283 316//1294 209//3009
f 458//3010 456//3010 472//3010
f 472//3011 185//3012 186//3013
f 186//3014 459//3015 460//3016
f 460//3017 457//3017 458//3017
f 458//3018 472//3018 186//3019
f 722//529 721//529 388//529
f 722//529 388//529 389//529
f 362//3020 724//3020 723//3020
f 723//788 722//788 389//788
f 390//3020 362//3020 723//3020
f 284//249 106//249 104//249
f 1133//3021 1135//3021 1134//3021
f 1133//3021 1134//3021 1132//3021
f 1128//3022 1129//3022 1131//3022
f 1131//742 1133//742 1132//742
f 1130//3022 1128//3022 1131//3022
f 154//545 156//545 155//545
f 1151//789 1150//789 1148//789
f 1232//466 1235//466 1234//466
f 818//3023 817//3024 982//3024
f 982//3025 783//3025 782//3026
f 983//3027 822//3028 818//3029
f 982//3030 782//3031 983//3030
f 1223//248 1221//248 1246//248
f 696//671 379//671 380//671
f 627//3032 626//3033 628//3033
f 628//3034 631//3035 274//3036
f 274//3037 273//3038 635//3039
f 635//3040 627//3041 628//3040
f 1036//794 1034//794 1035//794
f 369//3042 705//3043 706//1959
f 369//3044 706//3045 707//3045
f 368//3046 369//3047 707//3048
f 708//1964 709//1964 365//3049
f 368//3050 707//3051 708//3051
f 367//3052 368//3053 708//3052
f 708//1964 365//1966 366//1964
f 233//3054 232//3055 339//3056
f 339//3057 338//974 337//3058
f 337//3059 336//3060 335//3061
f 335//3062 233//3063 339//3064
f 1155//2146 1121//2146 1120//3065
f 1155//3066 1120//2146 1154//3067
f 1150//461 1151//3068 1153//3069
f 1153//799 1155//3070 1154//3071
f 1152//461 1150//461 1153//3069
f 748//801 320//801 321//801
f 302//3072 734//3073 732//3074
f 732//3075 299//2161 300//2162
f 300//3076 301//3077 302//3078
f 1173//3079 1157//662 1158//662
f 351//2351 350//509 218//3080
f 320//3081 748//3082 769//3081
f 769//1969 317//3083 318//3084
f 318//3085 319//248 320//248
f 321//801 320//801 204//801
f 1039//249 1037//249 1035//249
f 1035//249 1033//249 1031//249
f 1031//249 1029//249 1027//249
f 1027//249 1025//249 1023//249
f 1023//249 1021//249 1047//249
f 1047//249 1045//249 1043//249
f 1043//249 1041//249 1039//249
f 1039//249 1035//249 1031//249
f 1031//249 1027//249 1023//249
f 1023//249 1047//249 1043//249
f 1043//249 1039//249 1031//249
f 156//545 154//545 664//545
f 668//3086 692//1419 347//3087
f 347//1769 348//3088 349//3089
f 349//1600 350//1600 668//1910
f 859//3090 694//3091 695//3092
f 695//3093 814//3094 813//3095
f 813//3096 820//3097 859//3098
f 1100//1769 1102//1769 1104//1769
f 1104//248 1106//248 1108//248
f 1108//248 1110//248 1112//248
f 1112//248 1114//248 1116//248
f 1116//248 1118//248 1084//248
f 1084//248 1086//248 1088//248
f 1088//248 1090//248 1092//248
f 1092//248 1094//248 1096//248
f 1096//248 1098//248 1100//248
f 1100//248 1104//248 1108//248
f 1108//248 1112//248 1116//248
f 1116//248 1084//248 1088//248
f 1088//248 1092//248 1096//248
f 1096//248 1100//248 1108//248
f 1108//248 1116//248 1088//248
f 1113//249 1111//249 1109//249
f 1109//249 1107//249 1105//249
f 1105//249 1103//249 1101//249
f 1101//249 1099//249 1097//249
f 1097//249 1095//249 1093//249
f 1093//249 1091//249 1089//249
f 1089//249 1087//249 1085//249
f 1085//249 1119//249 1117//249
f 1117//249 1115//249 1113//249
f 1113//249 1109//249 1105//249
f 1105//249 1101//249 1097//249
f 1097//249 1093//249 1089//249
f 1089//249 1085//249 1117//249
f 1117//249 1113//249 1105//249
f 1105//249 1097//249 1089//249
f 1145//249 1143//249 1141//249
f 1141//249 1139//249 1137//249
f 1137//249 1135//249 1133//249
f 1133//249 1131//249 1129//249
f 1129//249 1127//249 1125//249
f 1125//249 1123//249 1121//249
f 1121//249 1155//249 1153//249
f 1153//249 1151//249 1149//249
f 1149//249 1147//249 1145//249
f 1145//249 1141//249 1137//249
f 1137//249 1133//249 1129//249
f 1129//249 1125//249 1121//249
f 1121//249 1153//249 1149//249
f 1149//249 1145//249 1137//249
f 1137//249 1129//249 1121//249
f 1158//649 1157//649 1159//649
f 1166//248 1164//248 1231//248
f 1230//248 1172//248 1170//248
f 1168//248 1166//248 1231//248
f 1230//248 1170//248 1168//248
f 359//710 358//709 236//709
f 1206//248 1236//248 1238//248
f 1238//248 1194//248 1210//248
f 1208//248 1206//248 1238//248
f 1249//297 1251//297 1250//297
f 1160//249 1161//249 1237//249
f 1237//249 1235//249 1158//249
f 1204//817 1206//3099 1207//3099
